{
    "D_flex": 10.0,
    "α_GEN": 0.7,
    "α_CONS": 0.7,
    "β_GEN": 0.8,
    "β_CONS": 0.7,
    "CAPACITY": {
        "CCGT": 121.71045237271352,
        "NUC": 13.763001070259786,
        "WIND": 174.91194790579573
    },
    "VOL_GEN": -156.52048318900796,
    "VOL_CON": 156.51021995625945,
    "CONS_SURPLUS": 8.164519873959571e9,
    "CONS_objective": 8.162674897933586e9,
    "GEN_objective": -99.83448296959978,
    "GEN_CVAR": 6.233454803239895e6,
    "CONTRACT_PRICE": 62897.685508518414,
    "AVG_PAYOUT": 60024.23691299687,
    "RISK_PREMIA": 2873.4485955215423,
    "Unserved_energy": 5.438347409425186,
    "AVG_prod_price": 58.85974081265723,
    "AVG_risk_price": 59.515645204576586,
    "AVG_spot_price": 59.30590080617445,
    "AVG_cons_price": 59.961805198093806,
    "spot_price_std": 24.474330587821356,
    "CONS_price_std": 13.436699923291842,
    "GEN_Profit": {
        "CCGT": 405.17038851964753,
        "NUC": -2970.6055588520703,
        "WIND": 2433.473066558796
    },
    "EXP_PROD": 901158.3831793825,
    "UNIT_RISK_COST": 0.6559043919193444,
    "PAYOUT": {
        "(1, 1, 1)": 0.0,
        "(1, 1, 2)": 0.0,
        "(1, 1, 3)": 0.0,
        "(1, 1, 4)": 0.0,
        "(1, 1, 5)": 0.0,
        "(1, 1, 6)": 0.0,
        "(1, 1, 7)": 0.0,
        "(1, 1, 8)": 0.0,
        "(1, 1, 9)": 0.0,
        "(1, 1, 10)": 0.0,
        "(1, 2, 1)": 0.0,
        "(1, 2, 2)": 0.0,
        "(1, 2, 3)": 0.0,
        "(1, 2, 4)": 0.0,
        "(1, 2, 5)": 0.0,
        "(1, 2, 6)": 0.0,
        "(1, 2, 7)": 0.0,
        "(1, 2, 8)": 0.0,
        "(1, 2, 9)": 0.0,
        "(1, 2, 10)": 0.0,
        "(1, 3, 1)": 0.0,
        "(1, 3, 2)": 0.0,
        "(1, 3, 3)": 0.0,
        "(1, 3, 4)": 0.0,
        "(1, 3, 5)": 0.0,
        "(1, 3, 6)": 0.0,
        "(1, 3, 7)": 0.0,
        "(1, 3, 8)": 0.0,
        "(1, 3, 9)": 0.0,
        "(1, 3, 10)": 0.0,
        "(1, 4, 1)": 81636.19374000686,
        "(1, 4, 2)": 108998.79203273615,
        "(1, 4, 3)": 140747.19089455507,
        "(1, 4, 4)": 173067.19089455507,
        "(1, 4, 5)": 208935.58975637532,
        "(1, 4, 6)": 254266.58691092377,
        "(1, 4, 7)": 307076.28491910745,
        "(1, 4, 8)": 368860.18235820124,
        "(1, 4, 9)": 440751.1795127497,
        "(1, 4, 10)": 528956.8746754833,
        "(2, 1, 1)": 0.0,
        "(2, 1, 2)": 0.0,
        "(2, 1, 3)": 0.0,
        "(2, 1, 4)": 0.0,
        "(2, 1, 5)": 0.0,
        "(2, 1, 6)": 0.0,
        "(2, 1, 7)": 0.0,
        "(2, 1, 8)": 0.0,
        "(2, 1, 9)": 0.0,
        "(2, 1, 10)": 0.0,
        "(2, 2, 1)": 0.0,
        "(2, 2, 2)": 0.0,
        "(2, 2, 3)": 0.0,
        "(2, 2, 4)": 0.0,
        "(2, 2, 5)": 0.0,
        "(2, 2, 6)": 0.0,
        "(2, 2, 7)": 0.0,
        "(2, 2, 8)": 0.0,
        "(2, 2, 9)": 0.0,
        "(2, 2, 10)": 0.0,
        "(2, 3, 1)": 0.0,
        "(2, 3, 2)": 0.0,
        "(2, 3, 3)": 0.0,
        "(2, 3, 4)": 0.0,
        "(2, 3, 5)": 0.0,
        "(2, 3, 6)": 0.0,
        "(2, 3, 7)": 0.0,
        "(2, 3, 8)": 0.0,
        "(2, 3, 9)": 0.0,
        "(2, 3, 10)": 0.0,
        "(2, 4, 1)": 79436.1937400075,
        "(2, 4, 2)": 106198.79203273641,
        "(2, 4, 3)": 137547.19089455524,
        "(2, 4, 4)": 169867.19089455513,
        "(2, 4, 5)": 205335.58975637515,
        "(2, 4, 6)": 249666.5869109243,
        "(2, 4, 7)": 301776.284919108,
        "(2, 4, 8)": 362660.1823582017,
        "(2, 4, 9)": 433551.1795127503,
        "(2, 4, 10)": 520056.87467548467,
        "(3, 1, 1)": 0.0,
        "(3, 1, 2)": 0.0,
        "(3, 1, 3)": 0.0,
        "(3, 1, 4)": 0.0,
        "(3, 1, 5)": 0.0,
        "(3, 1, 6)": 0.0,
        "(3, 1, 7)": 0.0,
        "(3, 1, 8)": 0.0,
        "(3, 1, 9)": 0.0,
        "(3, 1, 10)": 0.0,
        "(3, 2, 1)": 0.0,
        "(3, 2, 2)": 0.0,
        "(3, 2, 3)": 0.0,
        "(3, 2, 4)": 0.0,
        "(3, 2, 5)": 0.0,
        "(3, 2, 6)": 0.0,
        "(3, 2, 7)": 0.0,
        "(3, 2, 8)": 0.0,
        "(3, 2, 9)": 0.0,
        "(3, 2, 10)": 0.0,
        "(3, 3, 1)": 0.0,
        "(3, 3, 2)": 0.0,
        "(3, 3, 3)": 0.0,
        "(3, 3, 4)": 0.0,
        "(3, 3, 5)": 0.0,
        "(3, 3, 6)": 0.0,
        "(3, 3, 7)": 0.0,
        "(3, 3, 8)": 0.0,
        "(3, 3, 9)": 0.0,
        "(3, 3, 10)": 0.0,
        "(3, 4, 1)": 77236.19374000755,
        "(3, 4, 2)": 103398.79203273676,
        "(3, 4, 3)": 134347.19089455582,
        "(3, 4, 4)": 166667.19089455548,
        "(3, 4, 5)": 201735.58975637556,
        "(3, 4, 6)": 245066.58691092458,
        "(3, 4, 7)": 296476.28491910815,
        "(3, 4, 8)": 356460.18235820235,
        "(3, 4, 9)": 426351.1795127512,
        "(3, 4, 10)": 511156.8746754849,
        "(4, 1, 1)": 0.0,
        "(4, 1, 2)": 0.0,
        "(4, 1, 3)": 0.0,
        "(4, 1, 4)": 0.0,
        "(4, 1, 5)": 0.0,
        "(4, 1, 6)": 0.0,
        "(4, 1, 7)": 0.0,
        "(4, 1, 8)": 0.0,
        "(4, 1, 9)": 0.0,
        "(4, 1, 10)": 0.0,
        "(4, 2, 1)": 0.0,
        "(4, 2, 2)": 0.0,
        "(4, 2, 3)": 0.0,
        "(4, 2, 4)": 0.0,
        "(4, 2, 5)": 0.0,
        "(4, 2, 6)": 0.0,
        "(4, 2, 7)": 0.0,
        "(4, 2, 8)": 0.0,
        "(4, 2, 9)": 0.0,
        "(4, 2, 10)": 0.0,
        "(4, 3, 1)": 0.0,
        "(4, 3, 2)": 0.0,
        "(4, 3, 3)": 0.0,
        "(4, 3, 4)": 0.0,
        "(4, 3, 5)": 0.0,
        "(4, 3, 6)": 0.0,
        "(4, 3, 7)": 0.0,
        "(4, 3, 8)": 0.0,
        "(4, 3, 9)": 0.0,
        "(4, 3, 10)": 0.0,
        "(4, 4, 1)": 75036.19374000776,
        "(4, 4, 2)": 100598.79203273714,
        "(4, 4, 3)": 131147.19089455562,
        "(4, 4, 4)": 163467.1908945559,
        "(4, 4, 5)": 198135.5897563761,
        "(4, 4, 6)": 240466.58691092528,
        "(4, 4, 7)": 291176.2849191088,
        "(4, 4, 8)": 350260.1823582028,
        "(4, 4, 9)": 419151.1795127513,
        "(4, 4, 10)": 502256.8746754856,
        "(5, 1, 1)": 0.0,
        "(5, 1, 2)": 0.0,
        "(5, 1, 3)": 0.0,
        "(5, 1, 4)": 0.0,
        "(5, 1, 5)": 0.0,
        "(5, 1, 6)": 0.0,
        "(5, 1, 7)": 0.0,
        "(5, 1, 8)": 0.0,
        "(5, 1, 9)": 0.0,
        "(5, 1, 10)": 0.0,
        "(5, 2, 1)": 0.0,
        "(5, 2, 2)": 0.0,
        "(5, 2, 3)": 0.0,
        "(5, 2, 4)": 0.0,
        "(5, 2, 5)": 0.0,
        "(5, 2, 6)": 0.0,
        "(5, 2, 7)": 0.0,
        "(5, 2, 8)": 0.0,
        "(5, 2, 9)": 0.0,
        "(5, 2, 10)": 0.0,
        "(5, 3, 1)": 0.0,
        "(5, 3, 2)": 0.0,
        "(5, 3, 3)": 0.0,
        "(5, 3, 4)": 0.0,
        "(5, 3, 5)": 0.0,
        "(5, 3, 6)": 0.0,
        "(5, 3, 7)": 0.0,
        "(5, 3, 8)": 0.0,
        "(5, 3, 9)": 0.0,
        "(5, 3, 10)": 0.0,
        "(5, 4, 1)": 72836.19374000812,
        "(5, 4, 2)": 97798.79203273743,
        "(5, 4, 3)": 127947.19089455581,
        "(5, 4, 4)": 160267.19089455577,
        "(5, 4, 5)": 194535.5897563762,
        "(5, 4, 6)": 235866.5869109254,
        "(5, 4, 7)": 285876.28491910914,
        "(5, 4, 8)": 344060.18235820346,
        "(5, 4, 9)": 411951.1795127517,
        "(5, 4, 10)": 493356.87467548717,
        "(6, 1, 1)": 0.0,
        "(6, 1, 2)": 0.0,
        "(6, 1, 3)": 0.0,
        "(6, 1, 4)": 0.0,
        "(6, 1, 5)": 0.0,
        "(6, 1, 6)": 0.0,
        "(6, 1, 7)": 0.0,
        "(6, 1, 8)": 0.0,
        "(6, 1, 9)": 0.0,
        "(6, 1, 10)": 0.0,
        "(6, 2, 1)": 0.0,
        "(6, 2, 2)": 0.0,
        "(6, 2, 3)": 0.0,
        "(6, 2, 4)": 0.0,
        "(6, 2, 5)": 0.0,
        "(6, 2, 6)": 0.0,
        "(6, 2, 7)": 0.0,
        "(6, 2, 8)": 0.0,
        "(6, 2, 9)": 0.0,
        "(6, 2, 10)": 0.0,
        "(6, 3, 1)": 0.0,
        "(6, 3, 2)": 0.0,
        "(6, 3, 3)": 0.0,
        "(6, 3, 4)": 0.0,
        "(6, 3, 5)": 0.0,
        "(6, 3, 6)": 0.0,
        "(6, 3, 7)": 0.0,
        "(6, 3, 8)": 0.0,
        "(6, 3, 9)": 0.0,
        "(6, 3, 10)": 0.0,
        "(6, 4, 1)": 70636.19374000833,
        "(6, 4, 2)": 94998.79203273758,
        "(6, 4, 3)": 124747.19089455633,
        "(6, 4, 4)": 157067.1908945559,