{
    "D_flex": 10.0,
    "α_GEN": 0.7,
    "α_CONS": 0.7,
    "β_GEN": 0.6,
    "β_CONS": 0.7,
    "CAPACITY": {
        "CCGT": 131.34224918791878,
        "NUC": 3.1924599636157343,
        "WIND": 180.43321192198712
    },
    "VOL_GEN": -159.2273550782034,
    "VOL_CON": 159.12743615865148,
    "CONS_SURPLUS": 8.163587669362996e9,
    "CONS_objective": 8.16170102009953e9,
    "GEN_objective": -63.33012578962371,
    "GEN_CVAR": 6.365298823239664e6,
    "CONTRACT_PRICE": 62861.08529765674,
    "AVG_PAYOUT": 60220.236959656664,
    "RISK_PREMIA": 2640.848338000076,
    "Unserved_energy": 5.473539951722991,
    "AVG_prod_price": 58.99998122932081,
    "AVG_risk_price": 59.62602025514097,
    "AVG_spot_price": 60.361801842610056,
    "AVG_cons_price": 60.98784086843024,
    "spot_price_std": 25.111903857042655,
    "CONS_price_std": 13.590596779564395,
    "GEN_Profit": {
        "CCGT": 1545.0008660577296,
        "NUC": -3985.8595090490676,
        "WIND": 2059.3320119799573
    },
    "EXP_PROD": 901147.9663161151,
    "UNIT_RISK_COST": 0.6260390258201773,
    "PAYOUT": {
        "(1, 1, 1)": 0.0,
        "(1, 1, 2)": 0.0,
        "(1, 1, 3)": 0.0,
        "(1, 1, 4)": 0.0,
        "(1, 1, 5)": 0.0,
        "(1, 1, 6)": 0.0,
        "(1, 1, 7)": 0.0,
        "(1, 1, 8)": 0.0,
        "(1, 1, 9)": 0.0,
        "(1, 1, 10)": 0.0,
        "(1, 2, 1)": 0.0,
        "(1, 2, 2)": 0.0,
        "(1, 2, 3)": 0.0,
        "(1, 2, 4)": 0.0,
        "(1, 2, 5)": 0.0,
        "(1, 2, 6)": 0.0,
        "(1, 2, 7)": 0.0,
        "(1, 2, 8)": 0.0,
        "(1, 2, 9)": 0.0,
        "(1, 2, 10)": 0.0,
        "(1, 3, 1)": 0.0,
        "(1, 3, 2)": 0.0,
        "(1, 3, 3)": 0.0,
        "(1, 3, 4)": 0.0,
        "(1, 3, 5)": 0.0,
        "(1, 3, 6)": 0.0,
        "(1, 3, 7)": 0.0,
        "(1, 3, 8)": 0.0,
        "(1, 3, 9)": 0.0,
        "(1, 3, 10)": 0.0,
        "(1, 4, 1)": 82003.15945706787,
        "(1, 4, 2)": 109465.83930899511,
        "(1, 4, 3)": 141280.9592102789,
        "(1, 4, 4)": 173600.9592102787,
        "(1, 4, 5)": 209536.07911156502,
        "(1, 4, 6)": 255033.87886477826,
        "(1, 4, 7)": 307960.338692026,
        "(1, 4, 8)": 369894.35846991657,
        "(1, 4, 9)": 441952.1582231285,
        "(1, 4, 10)": 530441.4178035922,
        "(2, 1, 1)": 0.0,
        "(2, 1, 2)": 0.0,
        "(2, 1, 3)": 0.0,
        "(2, 1, 4)": 0.0,
        "(2, 1, 5)": 0.0,
        "(2, 1, 6)": 0.0,
        "(2, 1, 7)": 0.0,
        "(2, 1, 8)": 0.0,
        "(2, 1, 9)": 0.0,
        "(2, 1, 10)": 0.0,
        "(2, 2, 1)": 0.0,
        "(2, 2, 2)": 0.0,
        "(2, 2, 3)": 0.0,
        "(2, 2, 4)": 0.0,
        "(2, 2, 5)": 0.0,
        "(2, 2, 6)": 0.0,
        "(2, 2, 7)": 0.0,
        "(2, 2, 8)": 0.0,
        "(2, 2, 9)": 0.0,
        "(2, 2, 10)": 0.0,
        "(2, 3, 1)": 0.0,
        "(2, 3, 2)": 0.0,
        "(2, 3, 3)": 0.0,
        "(2, 3, 4)": 0.0,
        "(2, 3, 5)": 0.0,
        "(2, 3, 6)": 0.0,
        "(2, 3, 7)": 0.0,
        "(2, 3, 8)": 0.0,
        "(2, 3, 9)": 0.0,
        "(2, 3, 10)": 0.0,
        "(2, 4, 1)": 79803.1594570682,
        "(2, 4, 2)": 106665.83930899577,
        "(2, 4, 3)": 138080.9592102793,
        "(2, 4, 4)": 170400.95921027905,
        "(2, 4, 5)": 205936.07911156554,
        "(2, 4, 6)": 250433.8788647789,
        "(2, 4, 7)": 302660.3386920266,
        "(2, 4, 8)": 363694.358469918,
        "(2, 4, 9)": 434752.15822313004,
        "(2, 4, 10)": 521541.417803594,
        "(3, 1, 1)": 0.0,
        "(3, 1, 2)": 0.0,
        "(3, 1, 3)": 0.0,
        "(3, 1, 4)": 0.0,
        "(3, 1, 5)": 0.0,
        "(3, 1, 6)": 0.0,
        "(3, 1, 7)": 0.0,
        "(3, 1, 8)": 0.0,
        "(3, 1, 9)": 0.0,
        "(3, 1, 10)": 0.0,
        "(3, 2, 1)": 0.0,
        "(3, 2, 2)": 0.0,
        "(3, 2, 3)": 0.0,
        "(3, 2, 4)": 0.0,
        "(3, 2, 5)": 0.0,
        "(3, 2, 6)": 0.0,
        "(3, 2, 7)": 0.0,
        "(3, 2, 8)": 0.0,
        "(3, 2, 9)": 0.0,
        "(3, 2, 10)": 0.0,
        "(3, 3, 1)": 0.0,
        "(3, 3, 2)": 0.0,
        "(3, 3, 3)": 0.0,
        "(3, 3, 4)": 0.0,
        "(3, 3, 5)": 0.0,
        "(3, 3, 6)": 0.0,
        "(3, 3, 7)": 0.0,
        "(3, 3, 8)": 0.0,
        "(3, 3, 9)": 0.0,
        "(3, 3, 10)": 0.0,
        "(3, 4, 1)": 77603.15945706856,
        "(3, 4, 2)": 103865.83930899597,
        "(3, 4, 3)": 134880.95921027957,
        "(3, 4, 4)": 167200.9592102794,
        "(3, 4, 5)": 202336.07911156613,
        "(3, 4, 6)": 245833.87886477954,
        "(3, 4, 7)": 297360.3386920273,
        "(3, 4, 8)": 357494.35846991895,
        "(3, 4, 9)": 427552.15822313115,
        "(3, 4, 10)": 512641.4178035961,
        "(4, 1, 1)": 0.0,
        "(4, 1, 2)": 0.0,
        "(4, 1, 3)": 0.0,
        "(4, 1, 4)": 0.0,
        "(4, 1, 5)": 0.0,
        "(4, 1, 6)": 0.0,
        "(4, 1, 7)": 0.0,
        "(4, 1, 8)": 0.0,
        "(4, 1, 9)": 0.0,
        "(4, 1, 10)": 0.0,
        "(4, 2, 1)": 0.0,
        "(4, 2, 2)": 0.0,
        "(4, 2, 3)": 0.0,
        "(4, 2, 4)": 0.0,
        "(4, 2, 5)": 0.0,
        "(4, 2, 6)": 0.0,
        "(4, 2, 7)": 0.0,
        "(4, 2, 8)": 0.0,
        "(4, 2, 9)": 0.0,
        "(4, 2, 10)": 0.0,
        "(4, 3, 1)": 0.0,
        "(4, 3, 2)": 0.0,
        "(4, 3, 3)": 0.0,
        "(4, 3, 4)": 0.0,
        "(4, 3, 5)": 0.0,
        "(4, 3, 6)": 0.0,
        "(4, 3, 7)": 0.0,
        "(4, 3, 8)": 0.0,
        "(4, 3, 9)": 0.0,
        "(4, 3, 10)": 0.0,
        "(4, 4, 1)": 75403.1594570689,
        "(4, 4, 2)": 101065.83930899657,
        "(4, 4, 3)": 131680.95921027986,
        "(4, 4, 4)": 164000.9592102797,
        "(4, 4, 5)": 198736.07911156665,
        "(4, 4, 6)": 241233.87886478045,
        "(4, 4, 7)": 292060.33869202813,
        "(4, 4, 8)": 351294.3584699198,
        "(4, 4, 9)": 420352.15822313237,
        "(4, 4, 10)": 503741.4178035974,
        "(5, 1, 1)": 0.0,
        "(5, 1, 2)": 0.0,
        "(5, 1, 3)": 0.0,
        "(5, 1, 4)": 0.0,
        "(5, 1, 5)": 0.0,
        "(5, 1, 6)": 0.0,
        "(5, 1, 7)": 0.0,
        "(5, 1, 8)": 0.0,
        "(5, 1, 9)": 0.0,
        "(5, 1, 10)": 0.0,
        "(5, 2, 1)": 0.0,
        "(5, 2, 2)": 0.0,
        "(5, 2, 3)": 0.0,
        "(5, 2, 4)": 0.0,
        "(5, 2, 5)": 0.0,
        "(5, 2, 6)": 0.0,
        "(5, 2, 7)": 0.0,
        "(5, 2, 8)": 0.0,
        "(5, 2, 9)": 0.0,
        "(5, 2, 10)": 0.0,
        "(5, 3, 1)": 0.0,
        "(5, 3, 2)": 0.0,
        "(5, 3, 3)": 0.0,
        "(5, 3, 4)": 0.0,
        "(5, 3, 5)": 0.0,
        "(5, 3, 6)": 0.0,
        "(5, 3, 7)": 0.0,
        "(5, 3, 8)": 0.0,
        "(5, 3, 9)": 0.0,
        "(5, 3, 10)": 0.0,
        "(5, 4, 1)": 73203.15945706965,
        "(5, 4, 2)": 98265.8393089971,
        "(5, 4, 3)": 128480.95921028056,
        "(5, 4, 4)": 160800.9592102802,
        "(5, 4, 5)": 195136.07911156735,
        "(5, 4, 6)": 236633.87886478152,
        "(5, 4, 7)": 286760.3386920287,
        "(5, 4, 8)": 345094.3584699209,
        "(5, 4, 9)": 413152.1582231333,
        "(5, 4, 10)": 494841.41780359834,
        "(6, 1, 1)": 0.0,
        "(6, 1, 2)": 0.0,
        "(6, 1, 3)": 0.0,
        "(6, 1, 4)": 0.0,
        "(6, 1, 5)": 0.0,
        "(6, 1, 6)": 0.0,
        "(6, 1, 7)": 0.0,
        "(6, 1, 8)": 0.0,
        "(6, 1, 9)": 0.0,
        "(6, 1, 10)": 0.0,
        "(6, 2, 1)": 0.0,
        "(6, 2, 2)": 0.0,
        "(6, 2, 3)": 0.0,
        "(6, 2, 4)": 0.0,
        "(6, 2, 5)": 0.0,
        "(6, 2, 6)": 0.0,
        "(6, 2, 7)": 0.0,
        "(6, 2, 8)": 0.0,
        "(6, 2, 9)": 0.0,
        "(6, 2, 10)": 0.0,
        "(6, 3, 1)": 0.0,
        "(6, 3, 2)": 0.0,
        "(6, 3, 3)": 0.0,
        "(6, 3, 4)": 0.0,
        "(6, 3, 5)": 0.0,
        "(6, 3, 6)": 0.0,
        "(6, 3, 7)": 0.0,
        "(6, 3, 8)": 0.0,
        "(6, 3, 9)": 0.0,
        "(6, 3, 10)": 0.0,
        "(6, 4, 1)": 71003.15945706985,
        "(6, 4, 2)": 95465.83930899782,
        "(6, 4, 3)": 125280.95921028138,
        "(6, 4, 4)": 157600.95921028097,