{
    "D_flex": 10.0,
    "α_GEN": 0.7,
    "α_CONS": 0.7,
    "β_GEN": 0.2,
    "β_CONS": 0.7,
    "CAPACITY": {
        "CCGT": 130.03267500262191,
        "NUC": 9.703308564829506,
        "WIND": 149.3217997582685
    },
    "VOL_GEN": -158.48949603200856,
    "VOL_CON": 158.8096894247731,
    "CONS_SURPLUS": 8.161945702033894e9,
    "CONS_objective": 8.160014022137566e9,
    "GEN_objective": -96.70304140506778,
    "GEN_CVAR": 8.338368981492627e6,
    "CONTRACT_PRICE": 62961.38577195343,
    "AVG_PAYOUT": 60050.5664418715,
    "RISK_PREMIA": 2910.8193300819257,
    "Unserved_energy": 5.443069368125435,
    "AVG_prod_price": 59.31682177002882,
    "AVG_risk_price": 59.98875539448516,
    "AVG_spot_price": 62.15161173491943,
    "AVG_cons_price": 62.82354535937576,
    "spot_price_std": 25.68794938530667,
    "CONS_price_std": 13.708897730562617,
    "GEN_Profit": {
        "CCGT": 28859.71007761491,
        "NUC": -104578.4547116804,
        "WIND": 76636.98738223068
    },
    "EXP_PROD": 901129.259820275,
    "UNIT_RISK_COST": 0.6719336244563443,
    "PAYOUT": {
        "(1, 1, 1)": 0.0,
        "(1, 1, 2)": 0.0,
        "(1, 1, 3)": 0.0,
        "(1, 1, 4)": 0.0,
        "(1, 1, 5)": 0.0,
        "(1, 1, 6)": 0.0,
        "(1, 1, 7)": 0.0,
        "(1, 1, 8)": 0.0,
        "(1, 1, 9)": 0.0,
        "(1, 1, 10)": 0.0,
        "(1, 2, 1)": 0.0,
        "(1, 2, 2)": 0.0,
        "(1, 2, 3)": 0.0,
        "(1, 2, 4)": 0.0,
        "(1, 2, 5)": 0.0,
        "(1, 2, 6)": 0.0,
        "(1, 2, 7)": 0.0,
        "(1, 2, 8)": 0.0,
        "(1, 2, 9)": 0.0,
        "(1, 2, 10)": 0.0,
        "(1, 3, 1)": 0.0,
        "(1, 3, 2)": 0.0,
        "(1, 3, 3)": 0.0,
        "(1, 3, 4)": 0.0,
        "(1, 3, 5)": 0.0,
        "(1, 3, 6)": 0.0,
        "(1, 3, 7)": 0.0,
        "(1, 3, 8)": 0.0,
        "(1, 3, 9)": 0.0,
        "(1, 3, 10)": 0.0,
        "(1, 4, 1)": 81685.58616218093,
        "(1, 4, 2)": 109061.65511550297,
        "(1, 4, 3)": 140819.03441771696,
        "(1, 4, 4)": 173139.0344177168,
        "(1, 4, 5)": 209016.41371993202,
        "(1, 4, 6)": 254369.8619754691,
        "(1, 4, 7)": 307195.2757543443,
        "(1, 4, 8)": 368999.3791843269,
        "(1, 4, 9)": 440912.82743986323,
        "(1, 4, 10)": 529156.6894742777,
        "(2, 1, 1)": 0.0,
        "(2, 1, 2)": 0.0,
        "(2, 1, 3)": 0.0,
        "(2, 1, 4)": 0.0,
        "(2, 1, 5)": 0.0,
        "(2, 1, 6)": 0.0,
        "(2, 1, 7)": 0.0,
        "(2, 1, 8)": 0.0,
        "(2, 1, 9)": 0.0,
        "(2, 1, 10)": 0.0,
        "(2, 2, 1)": 0.0,
        "(2, 2, 2)": 0.0,
        "(2, 2, 3)": 0.0,
        "(2, 2, 4)": 0.0,
        "(2, 2, 5)": 0.0,
        "(2, 2, 6)": 0.0,
        "(2, 2, 7)": 0.0,
        "(2, 2, 8)": 0.0,
        "(2, 2, 9)": 0.0,
        "(2, 2, 10)": 0.0,
        "(2, 3, 1)": 0.0,
        "(2, 3, 2)": 0.0,
        "(2, 3, 3)": 0.0,
        "(2, 3, 4)": 0.0,
        "(2, 3, 5)": 0.0,
        "(2, 3, 6)": 0.0,
        "(2, 3, 7)": 0.0,
        "(2, 3, 8)": 0.0,
        "(2, 3, 9)": 0.0,
        "(2, 3, 10)": 0.0,
        "(2, 4, 1)": 79485.58616218138,
        "(2, 4, 2)": 106261.6551155033,
        "(2, 4, 3)": 137619.03441771684,
        "(2, 4, 4)": 169939.03441771684,
        "(2, 4, 5)": 205416.41371993232,
        "(2, 4, 6)": 249769.86197546986,
        "(2, 4, 7)": 301895.2757543449,
        "(2, 4, 8)": 362799.37918432784,
        "(2, 4, 9)": 433712.8274398638,
        "(2, 4, 10)": 520256.68947427784,
        "(3, 1, 1)": 0.0,
        "(3, 1, 2)": 0.0,
        "(3, 1, 3)": 0.0,
        "(3, 1, 4)": 0.0,
        "(3, 1, 5)": 0.0,
        "(3, 1, 6)": 0.0,
        "(3, 1, 7)": 0.0,
        "(3, 1, 8)": 0.0,
        "(3, 1, 9)": 0.0,
        "(3, 1, 10)": 0.0,
        "(3, 2, 1)": 0.0,
        "(3, 2, 2)": 0.0,
        "(3, 2, 3)": 0.0,
        "(3, 2, 4)": 0.0,
        "(3, 2, 5)": 0.0,
        "(3, 2, 6)": 0.0,
        "(3, 2, 7)": 0.0,
        "(3, 2, 8)": 0.0,
        "(3, 2, 9)": 0.0,
        "(3, 2, 10)": 0.0,
        "(3, 3, 1)": 0.0,
        "(3, 3, 2)": 0.0,
        "(3, 3, 3)": 0.0,
        "(3, 3, 4)": 0.0,
        "(3, 3, 5)": 0.0,
        "(3, 3, 6)": 0.0,
        "(3, 3, 7)": 0.0,
        "(3, 3, 8)": 0.0,
        "(3, 3, 9)": 0.0,
        "(3, 3, 10)": 0.0,
        "(3, 4, 1)": 77285.58616218151,
        "(3, 4, 2)": 103461.65511550367,
        "(3, 4, 3)": 134419.03441771725,
        "(3, 4, 4)": 166739.0344177169,
        "(3, 4, 5)": 201816.4137199326,
        "(3, 4, 6)": 245169.86197546998,
        "(3, 4, 7)": 296595.27575434506,
        "(3, 4, 8)": 356599.37918432837,
        "(3, 4, 9)": 426512.8274398647,
        "(3, 4, 10)": 511356.6894742792,
        "(4, 1, 1)": 0.0,
        "(4, 1, 2)": 0.0,
        "(4, 1, 3)": 0.0,
        "(4, 1, 4)": 0.0,
        "(4, 1, 5)": 0.0,
        "(4, 1, 6)": 0.0,
        "(4, 1, 7)": 0.0,
        "(4, 1, 8)": 0.0,
        "(4, 1, 9)": 0.0,
        "(4, 1, 10)": 0.0,
        "(4, 2, 1)": 0.0,
        "(4, 2, 2)": 0.0,
        "(4, 2, 3)": 0.0,
        "(4, 2, 4)": 0.0,
        "(4, 2, 5)": 0.0,
        "(4, 2, 6)": 0.0,
        "(4, 2, 7)": 0.0,
        "(4, 2, 8)": 0.0,
        "(4, 2, 9)": 0.0,
        "(4, 2, 10)": 0.0,
        "(4, 3, 1)": 0.0,
        "(4, 3, 2)": 0.0,
        "(4, 3, 3)": 0.0,
        "(4, 3, 4)": 0.0,
        "(4, 3, 5)": 0.0,
        "(4, 3, 6)": 0.0,
        "(4, 3, 7)": 0.0,
        "(4, 3, 8)": 0.0,
        "(4, 3, 9)": 0.0,
        "(4, 3, 10)": 0.0,
        "(4, 4, 1)": 75085.5861621818,
        "(4, 4, 2)": 100661.6551155039,
        "(4, 4, 3)": 131219.03441771763,
        "(4, 4, 4)": 163539.03441771748,
        "(4, 4, 5)": 198216.413719933,
        "(4, 4, 6)": 240569.86197547038,
        "(4, 4, 7)": 291295.2757543453,
        "(4, 4, 8)": 350399.37918432883,
        "(4, 4, 9)": 419312.82743986585,
        "(4, 4, 10)": 502456.6894742804,
        "(5, 1, 1)": 0.0,
        "(5, 1, 2)": 0.0,
        "(5, 1, 3)": 0.0,
        "(5, 1, 4)": 0.0,
        "(5, 1, 5)": 0.0,
        "(5, 1, 6)": 0.0,
        "(5, 1, 7)": 0.0,
        "(5, 1, 8)": 0.0,
        "(5, 1, 9)": 0.0,
        "(5, 1, 10)": 0.0,
        "(5, 2, 1)": 0.0,
        "(5, 2, 2)": 0.0,
        "(5, 2, 3)": 0.0,
        "(5, 2, 4)": 0.0,
        "(5, 2, 5)": 0.0,
        "(5, 2, 6)": 0.0,
        "(5, 2, 7)": 0.0,
        "(5, 2, 8)": 0.0,
        "(5, 2, 9)": 0.0,
        "(5, 2, 10)": 0.0,
        "(5, 3, 1)": 0.0,
        "(5, 3, 2)": 0.0,
        "(5, 3, 3)": 0.0,
        "(5, 3, 4)": 0.0,
        "(5, 3, 5)": 0.0,
        "(5, 3, 6)": 0.0,
        "(5, 3, 7)": 0.0,
        "(5, 3, 8)": 0.0,
        "(5, 3, 9)": 0.0,
        "(5, 3, 10)": 0.0,
        "(5, 4, 1)": 72885.58616218198,
        "(5, 4, 2)": 97861.65511550423,
        "(5, 4, 3)": 128019.03441771789,
        "(5, 4, 4)": 160339.03441771786,
        "(5, 4, 5)": 194616.41371993377,
        "(5, 4, 6)": 235969.86197547137,
        "(5, 4, 7)": 285995.2757543464,
        "(5, 4, 8)": 344199.3791843301,
        "(5, 4, 9)": 412112.82743986667,
        "(5, 4, 10)": 493556.68947428185,
        "(6, 1, 1)": 0.0,
        "(6, 1, 2)": 0.0,
        "(6, 1, 3)": 0.0,
        "(6, 1, 4)": 0.0,
        "(6, 1, 5)": 0.0,
        "(6, 1, 6)": 0.0,
        "(6, 1, 7)": 0.0,
        "(6, 1, 8)": 0.0,
        "(6, 1, 9)": 0.0,
        "(6, 1, 10)": 0.0,
        "(6, 2, 1)": 0.0,
        "(6, 2, 2)": 0.0,
        "(6, 2, 3)": 0.0,
        "(6, 2, 4)": 0.0,
        "(6, 2, 5)": 0.0,
        "(6, 2, 6)": 0.0,
        "(6, 2, 7)": 0.0,
        "(6, 2, 8)": 0.0,
        "(6, 2, 9)": 0.0,
        "(6, 2, 10)": 0.0,
        "(6, 3, 1)": 0.0,
        "(6, 3, 2)": 0.0,
        "(6, 3, 3)": 0.0,
        "(6, 3, 4)": 0.0,
        "(6, 3, 5)": 0.0,
        "(6, 3, 6)": 0.0,
        "(6, 3, 7)": 0.0,
        "(6, 3, 8)": 0.0,
        "(6, 3, 9)": 0.0,
        "(6, 3, 10)": 0.0,
        "(6, 4, 1)": 70685.5861621822,
        "(6, 4, 2)": 95061.6551155044,
        "(6, 4, 3)": 124819.03441771818,
        "(6, 4, 4)": 157139.03441771795,