{
    "D_flex": 10.0,
    "α_GEN": 0.7,
    "α_CONS": 0.7,
    "β_GEN": 0.4,
    "β_CONS": 0.7,
    "CAPACITY": {
        "CCGT": 133.04341672506638,
        "NUC": 3.068136477243737,
        "WIND": 171.01412865444567
    },
    "VOL_GEN": -158.58418153266518,
    "VOL_CON": 158.7834904575356,
    "CONS_SURPLUS": 8.162779752647253e9,
    "CONS_objective": 8.160874477157513e9,
    "GEN_objective": 51.94900546176359,
    "GEN_CVAR": 7.085439802795889e6,
    "CONTRACT_PRICE": 62792.019007564544,
    "AVG_PAYOUT": 60146.19183916262,
    "RISK_PREMIA": 2645.8271684019273,
    "Unserved_energy": 5.4602119222381305,
    "AVG_prod_price": 59.134547384696255,
    "AVG_risk_price": 59.75992553659417,
    "AVG_spot_price": 61.27210438621941,
    "AVG_cons_price": 61.89748253811727,
    "spot_price_std": 25.283050188617484,
    "CONS_price_std": 13.616809300702855,
    "GEN_Profit": {
        "CCGT": -1712.1339602290464,
        "NUC": -15759.446206596514,
        "WIND": 18155.674026798017
    },
    "EXP_PROD": 901138.6648540859,
    "UNIT_RISK_COST": 0.6253781518978851,
    "PAYOUT": {
        "(1, 1, 1)": 0.0,
        "(1, 1, 2)": 0.0,
        "(1, 1, 3)": 0.0,
        "(1, 1, 4)": 0.0,
        "(1, 1, 5)": 0.0,
        "(1, 1, 6)": 0.0,
        "(1, 1, 7)": 0.0,
        "(1, 1, 8)": 0.0,
        "(1, 1, 9)": 0.0,
        "(1, 1, 10)": 0.0,
        "(1, 2, 1)": 0.0,
        "(1, 2, 2)": 0.0,
        "(1, 2, 3)": 0.0,
        "(1, 2, 4)": 0.0,
        "(1, 2, 5)": 0.0,
        "(1, 2, 6)": 0.0,
        "(1, 2, 7)": 0.0,
        "(1, 2, 8)": 0.0,
        "(1, 2, 9)": 0.0,
        "(1, 2, 10)": 0.0,
        "(1, 3, 1)": 0.0,
        "(1, 3, 2)": 0.0,
        "(1, 3, 3)": 0.0,
        "(1, 3, 4)": 0.0,
        "(1, 3, 5)": 0.0,
        "(1, 3, 6)": 0.0,
        "(1, 3, 7)": 0.0,
        "(1, 3, 8)": 0.0,
        "(1, 3, 9)": 0.0,
        "(1, 3, 10)": 0.0,
        "(1, 4, 1)": 81864.62203459244,
        "(1, 4, 2)": 109289.51895311728,
        "(1, 4, 3)": 141079.45023213368,
        "(1, 4, 4)": 173399.4502321335,
        "(1, 4, 5)": 209309.38151115135,
        "(1, 4, 6)": 254744.2097086928,
        "(1, 4, 7)": 307626.58944697195,
        "(1, 4, 8)": 369503.93482476013,
        "(1, 4, 9)": 441498.763022302,
        "(1, 4, 10)": 529880.970958124,
        "(2, 1, 1)": 0.0,
        "(2, 1, 2)": 0.0,
        "(2, 1, 3)": 0.0,
        "(2, 1, 4)": 0.0,
        "(2, 1, 5)": 0.0,
        "(2, 1, 6)": 0.0,
        "(2, 1, 7)": 0.0,
        "(2, 1, 8)": 0.0,
        "(2, 1, 9)": 0.0,
        "(2, 1, 10)": 0.0,
        "(2, 2, 1)": 0.0,
        "(2, 2, 2)": 0.0,
        "(2, 2, 3)": 0.0,
        "(2, 2, 4)": 0.0,
        "(2, 2, 5)": 0.0,
        "(2, 2, 6)": 0.0,
        "(2, 2, 7)": 0.0,
        "(2, 2, 8)": 0.0,
        "(2, 2, 9)": 0.0,
        "(2, 2, 10)": 0.0,
        "(2, 3, 1)": 0.0,
        "(2, 3, 2)": 0.0,
        "(2, 3, 3)": 0.0,
        "(2, 3, 4)": 0.0,
        "(2, 3, 5)": 0.0,
        "(2, 3, 6)": 0.0,
        "(2, 3, 7)": 0.0,
        "(2, 3, 8)": 0.0,
        "(2, 3, 9)": 0.0,
        "(2, 3, 10)": 0.0,
        "(2, 4, 1)": 79664.6220345925,
        "(2, 4, 2)": 106489.51895311775,
        "(2, 4, 3)": 137879.45023213388,
        "(2, 4, 4)": 170199.45023213385,
        "(2, 4, 5)": 205709.3815111515,
        "(2, 4, 6)": 250144.2097086933,
        "(2, 4, 7)": 302326.5894469721,
        "(2, 4, 8)": 363303.93482476025,
        "(2, 4, 9)": 434298.76302230184,
        "(2, 4, 10)": 520980.97095812496,
        "(3, 1, 1)": 0.0,
        "(3, 1, 2)": 0.0,
        "(3, 1, 3)": 0.0,
        "(3, 1, 4)": 0.0,
        "(3, 1, 5)": 0.0,
        "(3, 1, 6)": 0.0,
        "(3, 1, 7)": 0.0,
        "(3, 1, 8)": 0.0,
        "(3, 1, 9)": 0.0,
        "(3, 1, 10)": 0.0,
        "(3, 2, 1)": 0.0,
        "(3, 2, 2)": 0.0,
        "(3, 2, 3)": 0.0,
        "(3, 2, 4)": 0.0,
        "(3, 2, 5)": 0.0,
        "(3, 2, 6)": 0.0,
        "(3, 2, 7)": 0.0,
        "(3, 2, 8)": 0.0,
        "(3, 2, 9)": 0.0,
        "(3, 2, 10)": 0.0,
        "(3, 3, 1)": 0.0,
        "(3, 3, 2)": 0.0,
        "(3, 3, 3)": 0.0,
        "(3, 3, 4)": 0.0,
        "(3, 3, 5)": 0.0,
        "(3, 3, 6)": 0.0,
        "(3, 3, 7)": 0.0,
        "(3, 3, 8)": 0.0,
        "(3, 3, 9)": 0.0,
        "(3, 3, 10)": 0.0,
        "(3, 4, 1)": 77464.6220345927,
        "(3, 4, 2)": 103689.51895311783,
        "(3, 4, 3)": 134679.4502321342,
        "(3, 4, 4)": 166999.45023213403,
        "(3, 4, 5)": 202109.3815111515,
        "(3, 4, 6)": 245544.20970869393,
        "(3, 4, 7)": 297026.58944697294,
        "(3, 4, 8)": 357103.93482476036,
        "(3, 4, 9)": 427098.7630223024,
        "(3, 4, 10)": 512080.9709581253,
        "(4, 1, 1)": 0.0,
        "(4, 1, 2)": 0.0,
        "(4, 1, 3)": 0.0,
        "(4, 1, 4)": 0.0,
        "(4, 1, 5)": 0.0,
        "(4, 1, 6)": 0.0,
        "(4, 1, 7)": 0.0,
        "(4, 1, 8)": 0.0,
        "(4, 1, 9)": 0.0,
        "(4, 1, 10)": 0.0,
        "(4, 2, 1)": 0.0,
        "(4, 2, 2)": 0.0,
        "(4, 2, 3)": 0.0,
        "(4, 2, 4)": 0.0,
        "(4, 2, 5)": 0.0,
        "(4, 2, 6)": 0.0,
        "(4, 2, 7)": 0.0,
        "(4, 2, 8)": 0.0,
        "(4, 2, 9)": 0.0,
        "(4, 2, 10)": 0.0,
        "(4, 3, 1)": 0.0,
        "(4, 3, 2)": 0.0,
        "(4, 3, 3)": 0.0,
        "(4, 3, 4)": 0.0,
        "(4, 3, 5)": 0.0,
        "(4, 3, 6)": 0.0,
        "(4, 3, 7)": 0.0,
        "(4, 3, 8)": 0.0,
        "(4, 3, 9)": 0.0,
        "(4, 3, 10)": 0.0,
        "(4, 4, 1)": 75264.62203459293,
        "(4, 4, 2)": 100889.5189531181,
        "(4, 4, 3)": 131479.45023213446,
        "(4, 4, 4)": 163799.4502321342,
        "(4, 4, 5)": 198509.38151115197,
        "(4, 4, 6)": 240944.20970869422,
        "(4, 4, 7)": 291726.5894469729,
        "(4, 4, 8)": 350903.93482476095,
        "(4, 4, 9)": 419898.76302230277,
        "(4, 4, 10)": 503180.9709581257,
        "(5, 1, 1)": 0.0,
        "(5, 1, 2)": 0.0,
        "(5, 1, 3)": 0.0,
        "(5, 1, 4)": 0.0,
        "(5, 1, 5)": 0.0,
        "(5, 1, 6)": 0.0,
        "(5, 1, 7)": 0.0,
        "(5, 1, 8)": 0.0,
        "(5, 1, 9)": 0.0,
        "(5, 1, 10)": 0.0,
        "(5, 2, 1)": 0.0,
        "(5, 2, 2)": 0.0,
        "(5, 2, 3)": 0.0,
        "(5, 2, 4)": 0.0,
        "(5, 2, 5)": 0.0,
        "(5, 2, 6)": 0.0,
        "(5, 2, 7)": 0.0,
        "(5, 2, 8)": 0.0,
        "(5, 2, 9)": 0.0,
        "(5, 2, 10)": 0.0,
        "(5, 3, 1)": 0.0,
        "(5, 3, 2)": 0.0,
        "(5, 3, 3)": 0.0,
        "(5, 3, 4)": 0.0,
        "(5, 3, 5)": 0.0,
        "(5, 3, 6)": 0.0,
        "(5, 3, 7)": 0.0,
        "(5, 3, 8)": 0.0,
        "(5, 3, 9)": 0.0,
        "(5, 3, 10)": 0.0,
        "(5, 4, 1)": 73064.62203459296,
        "(5, 4, 2)": 98089.5189531182,
        "(5, 4, 3)": 128279.45023213443,
        "(5, 4, 4)": 160599.45023213417,
        "(5, 4, 5)": 194909.38151115173,
        "(5, 4, 6)": 236344.20970869457,
        "(5, 4, 7)": 286426.58944697346,
        "(5, 4, 8)": 344703.93482476124,
        "(5, 4, 9)": 412698.76302230294,
        "(5, 4, 10)": 494280.9709581263,
        "(6, 1, 1)": 0.0,
        "(6, 1, 2)": 0.0,
        "(6, 1, 3)": 0.0,
        "(6, 1, 4)": 0.0,
        "(6, 1, 5)": 0.0,
        "(6, 1, 6)": 0.0,
        "(6, 1, 7)": 0.0,
        "(6, 1, 8)": 0.0,
        "(6, 1, 9)": 0.0,
        "(6, 1, 10)": 0.0,
        "(6, 2, 1)": 0.0,
        "(6, 2, 2)": 0.0,
        "(6, 2, 3)": 0.0,
        "(6, 2, 4)": 0.0,
        "(6, 2, 5)": 0.0,
        "(6, 2, 6)": 0.0,
        "(6, 2, 7)": 0.0,
        "(6, 2, 8)": 0.0,
        "(6, 2, 9)": 0.0,
        "(6, 2, 10)": 0.0,
        "(6, 3, 1)": 0.0,
        "(6, 3, 2)": 0.0,
        "(6, 3, 3)": 0.0,
        "(6, 3, 4)": 0.0,
        "(6, 3, 5)": 0.0,
        "(6, 3, 6)": 0.0,
        "(6, 3, 7)": 0.0,
        "(6, 3, 8)": 0.0,
        "(6, 3, 9)": 0.0,
        "(6, 3, 10)": 0.0,
        "(6, 4, 1)": 70864.622034593,
        "(6, 4, 2)": 95289.51895311865,
        "(6, 4, 3)": 125079.45023213467,
        "(6, 4, 4)": 157399.4502321347,