{
    "D_flex": 10.0,
    "α_GEN": {
        "NUC": 0.7,
        "CCGT": 0.7,
        "WIND": 0.7
    },
    "α_CONS": 0.7,
    "β_GEN": {
        "NUC": 0.2,
        "CCGT": 0.2,
        "WIND": 0.2
    },
    "β_CONS": 0.7,
    "CAPACITY": {
        "CCGT": 72.52797299922727,
        "NUC": 89.01824870751574,
        "WIND": 25.967563044660967
    },
    "VOL_GEN": {
        "CCGT": -34.365417151378,
        "NUC": -60.6637534804491,
        "WIND": -4.996973775261935
    },
    "VOL_CON": 100.09382907041396,
    "CONS_SURPLUS": 8.161734042900502e9,
    "CONS_objective": 8.161512269964398e9,
    "GEN_objective": {
        "CCGT": -46.5443950490444,
        "NUC": 123.99466988351196,
        "WIND": -81.07644957274897
    },
    "GEN_CVAR": {
        "CCGT": 4.275767559280479e6,
        "NUC": 2.425006544979411e6,
        "WIND": 897547.7759129361
    },
    "CONTRACT_PRICE": 14.230062191087768,
    "AVG_PAYOUT": 13.190672697349097,
    "RISK_PREMIA": 1.0393894937386712,
    "Unserved_energy": 4.0493611061871,
    "AVG_prod_price": 59.573742088848256,
    "AVG_risk_price": 60.898336602511556,
    "AVG_spot_price": 61.686497995664816,
    "AVG_cons_price": 63.011092509328115,
    "spot_price_std": 22.33381456112315,
    "CONS_price_std": 1.0159846532282357,
    "AVG_Profit": {
        "CCGT": 1.6759186658588082e6,
        "NUC": 1.0512611234964663e6,
        "WIND": 368070.46274031146
    },
    "PAYOUT": {
        "(1, 1, 1)": -23.441032899307203,
        "(1, 1, 2)": -22.767276450417896,
        "(1, 1, 3)": -22.505053967375307,
        "(1, 1, 4)": -22.188302129424745,
        "(1, 1, 5)": -21.956387012716753,
        "(1, 1, 6)": -21.68192447378446,
        "(1, 1, 7)": -20.24760680328198,
        "(1, 1, 8)": -18.58821339768416,
        "(1, 1, 9)": -16.746698425362126,
        "(1, 1, 10)": -14.556022684978165,
        "(1, 2, 1)": -24.209648580143707,
        "(1, 2, 2)": -23.860108647492854,
        "(1, 2, 3)": -23.462090407229162,
        "(1, 2, 4)": -22.07463053735156,
        "(1, 2, 5)": -20.358448302157168,
        "(1, 2, 6)": -18.392026808380198,
        "(1, 2, 7)": -16.163527532513758,
        "(1, 2, 8)": -13.41101835586939,
        "(1, 2, 9)": -9.930586009968428,
        "(1, 2, 10)": -5.830254675982787,
        "(1, 3, 1)": -19.465426803733845,
        "(1, 3, 2)": -17.016143151650102,
        "(1, 3, 3)": -13.634404095094462,
        "(1, 3, 4)": -9.483432259705497,
        "(1, 3, 5)": -4.322875505064105,
        "(1, 3, 6)": 1.6296198336808148,
        "(1, 3, 7)": 8.175130714796179,
        "(1, 3, 8)": 14.9684063270912,
        "(1, 3, 9)": 23.136032660192214,
        "(1, 3, 10)": 32.465700398879115,
        "(1, 4, 1)": -10.903713923295642,
        "(1, 4, 2)": -5.724975244791664,
        "(1, 4, 3)": -0.19774552748879284,
        "(1, 4, 4)": 6.400033291856066,
        "(1, 4, 5)": 13.194082439154297,
        "(1, 4, 6)": 21.330547276193773,
        "(1, 4, 7)": 30.737532699422665,
        "(1, 4, 8)": 41.722380995235106,
        "(1, 4, 9)": 54.21572039153368,
        "(1, 4, 10)": 68.9964175968714,
        "(2, 1, 1)": -19.299956927769127,
        "(2, 1, 2)": -18.457957311278918,
        "(2, 1, 3)": -18.130277242425553,
        "(2, 1, 4)": -17.734452343471748,
        "(2, 1, 5)": -17.444649798392064,
        "(2, 1, 6)": -17.154804788949406,
        "(2, 1, 7)": -15.909821694703032,
        "(2, 1, 8)": -14.209216381782168,
        "(2, 1, 9)": -12.351810182307553,
        "(2, 1, 10)": -10.165331911853709,
        "(2, 2, 1)": -20.26056781782617,
        "(2, 2, 2)": -19.823745252470125,
        "(2, 2, 3)": -19.326337513569456,
        "(2, 2, 4)": -17.847376083613703,
        "(2, 2, 5)": -16.141410015065535,
        "(2, 2, 6)": -14.1132201278545,
        "(2, 2, 7)": -11.862694899812748,
        "(2, 2, 8)": -9.10609408492978,
        "(2, 2, 9)": -5.578397090869126,
        "(2, 2, 10)": -1.520774392644601,
        "(2, 3, 1)": -15.920113549132655,
        "(2, 3, 2)": -13.529419464169212,
        "(2, 3, 3)": -10.104737063441096,
        "(2, 3, 4)": -5.956129112625394,
        "(2, 3, 5)": -0.8150271170688961,
        "(2, 3, 6)": 5.168516601569717,
        "(2, 3, 7)": 11.72908955687157,
        "(2, 3, 8)": 18.454711258854488,
        "(2, 3, 9)": 26.59025217464254,
        "(2, 3, 10)": 35.85258057119408,
        "(2, 4, 1)": -7.673926347009589,
        "(2, 4, 2)": -2.4966269085280404,
        "(2, 4, 3)": 2.9577963442754767,
        "(2, 4, 4)": 9.584612453274227,
        "(2, 4, 5)": 16.30992835578512,
        "(2, 4, 6)": 24.41662501042956,
        "(2, 4, 7)": 33.776747457499056,
        "(2, 4, 8)": 44.694561478208364,
        "(2, 4, 9)": 57.10667892207505,
        "(2, 4, 10)": 71.5691820778912,
        "(3, 1, 1)": -15.158343664945116,
        "(3, 1, 2)": -14.14817982400877,
        "(3, 1, 3)": -13.75508167681628,
        "(3, 1, 4)": -13.280230007436643,
        "(3, 1, 5)": -12.932576837287664,
        "(3, 1, 6)": -12.584873941792324,
        "(3, 1, 7)": -11.308678329150272,
        "(3, 1, 8)": -9.630960900877128,
        "(3, 1, 9)": -7.745830274947257,
        "(3, 1, 10)": -5.551093217052997,
        "(3, 2, 1)": -16.310885850059737,
        "(3, 2, 2)": -15.786821911748543,
        "(3, 2, 3)": -15.190071044877435,
        "(3, 2, 4)": -13.61974782821202,
        "(3, 2, 5)": -11.924095493079854,
        "(3, 2, 6)": -9.834192321439136,
        "(3, 2, 7)": -7.561700654747199,
        "(3, 2, 8)": -4.801080076909921,
        "(3, 2, 9)": -1.5503513856817928,
        "(3, 2, 10)": 2.479944330435813,
        "(3, 3, 1)": -13.03627925047056,
        "(3, 3, 2)": -10.042282237625944,
        "(3, 3, 3)": -6.574732579787938,
        "(3, 3, 4)": -2.428589547994574,
        "(3, 3, 5)": 2.692946608134913,
        "(3, 3, 6)": 8.707454978787487,
        "(3, 3, 7)": 15.283014084507023,
        "(3, 3, 8)": 21.940945822260357,
        "(3, 3, 9)": 30.044302653688703,
        "(3, 3, 10)": 39.23918716417662,
        "(3, 4, 1)": -5.110789521336867,
        "(3, 4, 2)": 0.24979155048381585,
        "(3, 4, 3)": 6.113492487055259,
        "(3, 4, 4)": 12.769269305027539,
        "(3, 4, 5)": 19.425811180030422,
        "(3, 4, 6)": 27.502641584469863,
        "(3, 4, 7)": 36.81578946783293,
        "(3, 4, 8)": 47.666438104809366,
        "(3, 4, 9)": 59.997216018219454,
        "(3, 4, 10)": 74.14134782956907,
        "(4, 1, 1)": -11.016191290228742,
        "(4, 1, 2)": -9.837942452995689,
        "(4, 1, 3)": -9.379465882934994,
        "(4, 1, 4)": -8.8256339006816,
        "(4, 1, 5)": -8.420167041351544,
        "(4, 1, 6)": -8.014643602726405,
        "(4, 1, 7)": -6.707362144817856,
        "(4, 1, 8)": -5.0526252942951455,
        "(4, 1, 9)": -3.1398129389883582,
        "(4, 1, 10)": -0.9368718923815583,
        "(4, 2, 1)": -12.360600639615187,
        "(4, 2, 2)": -11.749336749313157,
        "(4, 2, 3)": -11.053289299690558,
        "(4, 2, 4)": -9.391744546420455,
        "(4, 2, 5)": -7.706503841014931,
        "(4, 2, 6)": -5.554942680276954,
        "(4, 2, 7)": -3.2605442847815413,
        "(4, 2, 8)": -0.49597605533026046,
        "(4, 2, 9)": 2.754600904934806,
        "(4, 2, 10)": 6.750158844346902,
        "(4, 3, 1)": -9.600266040493008,
        "(4, 3, 2)": -6.554730086518349,
        "(4, 3, 3)": -3.0443895261617038,
        "(4, 3, 4)": 1.099187208792771,
        "(4, 3, 5)": 6.201046076724733,
        "(4, 3, 6)": 12.246435098719465,
        "(4, 3, 7)": 18.836904188872474,
        "(4, 3, 8)": 25.427109796455,
        "(4, 3, 9)": 33.49818357240267,
        "(4, 3, 10)": 42.62551933699792,
        "(4, 4, 1)": -1.9914348491101084,
        "(4, 4, 2)": 3.187672159632979,
        "(4, 4, 3)": 9.269343411948494,
        "(4, 4, 4)": 15.249967245695345,
        "(4, 4, 5)": 22.541731031460383,
        "(4, 4, 6)": 30.588596802203202,
        "(4, 4, 7)": 39.8546581824765,
        "(4, 4, 8)": 50.63800992149863,
        "(4, 4, 9)": 62.8873303713363,