{
    "D_flex": 10.0,
    "α_GEN": {
        "NUC": 0.7,
        "CCGT": 0.7,
        "WIND": 0.7
    },
    "α_CONS": 0.7,
    "β_GEN": {
        "NUC": 0.8,
        "CCGT": 0.8,
        "WIND": 0.8
    },
    "β_CONS": 0.7,
    "CAPACITY": {
        "CCGT": 92.75880697482943,
        "NUC": 52.895230511549194,
        "WIND": 109.79983728839404
    },
    "VOL_GEN": {
        "CCGT": -48.35386232273902,
        "NUC": -35.045002551218715,
        "WIND": -16.551367451433094
    },
    "VOL_CON": 99.82154006467562,
    "CONS_SURPLUS": 8.164104263649166e9,
    "CONS_objective": 8.163863075505985e9,
    "GEN_objective": {
        "CCGT": 75.84052185539622,
        "NUC": 86.25420537628816,
        "WIND": -95.49011371767847
    },
    "GEN_CVAR": {
        "CCGT": 4.73555419083871e6,
        "NUC": 1.3901491573393804e6,
        "WIND": 2.9693755310210087e6
    },
    "CONTRACT_PRICE": 11.508970276730617,
    "AVG_PAYOUT": 11.575442549058065,
    "RISK_PREMIA": -0.06647227232744868,
    "Unserved_energy": 6.831740102911028,
    "AVG_prod_price": 58.91317960414089,
    "AVG_risk_price": 59.048117067728384,
    "AVG_spot_price": 60.228322957422286,
    "AVG_cons_price": 60.36326042100975,
    "spot_price_std": 26.852171732051925,
    "CONS_price_std": 1.3569069246430476,
    "AVG_Profit": {
        "CCGT": 620160.539905851,
        "NUC": 232495.71899436254,
        "WIND": 460407.6016612342
    },
    "PAYOUT": {
        "(1, 1, 1)": -20.000000000016676,
        "(1, 1, 2)": -20.00000000001422,
        "(1, 1, 3)": -20.00000000001238,
        "(1, 1, 4)": -20.00000000001094,
        "(1, 1, 5)": -20.00000000000975,
        "(1, 1, 6)": -20.00000000000878,
        "(1, 1, 7)": -20.000000000007937,
        "(1, 1, 8)": -20.000000000007212,
        "(1, 1, 9)": -20.00000000000658,
        "(1, 1, 10)": -20.000000000006036,
        "(1, 2, 1)": -20.871715165223545,
        "(1, 2, 2)": -20.70017338775148,
        "(1, 2, 3)": -20.533174396124032,
        "(1, 2, 4)": -20.34062839949666,
        "(1, 2, 5)": -20.228455009751116,
        "(1, 2, 6)": -20.136553355344592,
        "(1, 2, 7)": -20.064573523437662,
        "(1, 2, 8)": -20.02974665871071,
        "(1, 2, 9)": -20.0093418335124,
        "(1, 2, 10)": -20.000000000006704,
        "(1, 3, 1)": -25.86025424118741,
        "(1, 3, 2)": -25.42891623645515,
        "(1, 3, 3)": -24.999673564734792,
        "(1, 3, 4)": -25.012027327859,
        "(1, 3, 5)": -24.943765813142527,
        "(1, 3, 6)": -23.72370379411105,
        "(1, 3, 7)": -22.241929259549863,
        "(1, 3, 8)": -20.19672911554526,
        "(1, 3, 9)": -17.776501382766885,
        "(1, 3, 10)": -14.798989670251059,
        "(1, 4, 1)": -3.6648253683423424,
        "(1, 4, 2)": 3.0104791095675005,
        "(1, 4, 3)": 9.671221154531505,
        "(1, 4, 4)": 17.165343483223204,
        "(1, 4, 5)": 26.370275319663097,
        "(1, 4, 6)": 36.98234236299808,
        "(1, 4, 7)": 49.187146709247735,
        "(1, 4, 8)": 63.2430796168264,
        "(1, 4, 9)": 79.00910494382973,
        "(1, 4, 10)": 95.91685250074752,
        "(2, 1, 1)": -15.000000000016994,
        "(2, 1, 2)": -15.000000000014461,
        "(2, 1, 3)": -15.000000000012555,
        "(2, 1, 4)": -15.000000000011077,
        "(2, 1, 5)": -15.000000000009871,
        "(2, 1, 6)": -15.000000000008873,
        "(2, 1, 7)": -15.000000000008031,
        "(2, 1, 8)": -15.000000000007297,
        "(2, 1, 9)": -15.000000000006647,
        "(2, 1, 10)": -15.0000000000061,
        "(2, 2, 1)": -16.08915769308383,
        "(2, 2, 2)": -15.874824555548143,
        "(2, 2, 3)": -15.666167773899112,
        "(2, 2, 4)": -15.425590172402329,
        "(2, 2, 5)": -15.285436679970967,
        "(2, 2, 6)": -15.170611997089704,
        "(2, 2, 7)": -15.080678618412904,
        "(2, 2, 8)": -15.037165536395378,
        "(2, 2, 9)": -15.011671666599163,
        "(2, 2, 10)": -15.000000000006821,
        "(2, 3, 1)": -22.88634732913705,
        "(2, 3, 2)": -22.076949552065866,
        "(2, 3, 3)": -21.317492480291225,
        "(2, 3, 4)": -21.263520390967887,
        "(2, 3, 5)": -21.27577449348322,
        "(2, 3, 6)": -20.03392794205371,
        "(2, 3, 7)": -18.57272836207124,
        "(2, 3, 8)": -16.474844690500895,
        "(2, 3, 9)": -14.020145064922376,
        "(2, 3, 10)": -10.994963153228039,
        "(2, 4, 1)": -1.009223952315228,
        "(2, 4, 2)": 5.751784446007049,
        "(2, 4, 3)": 12.342940578072968,
        "(2, 4, 4)": 19.714628335616602,
        "(2, 4, 5)": 28.2923352506284,
        "(2, 4, 6)": 38.89580123117196,
        "(2, 4, 7)": 51.046411566004586,
        "(2, 4, 8)": 65.33664681179643,
        "(2, 4, 9)": 81.0606729178205,
        "(2, 4, 10)": 97.74145035885103,
        "(3, 1, 1)": -10.000000000017305,
        "(3, 1, 2)": -10.000000000014676,
        "(3, 1, 3)": -10.000000000012726,
        "(3, 1, 4)": -10.000000000011209,
        "(3, 1, 5)": -10.000000000009987,
        "(3, 1, 6)": -10.000000000008969,
        "(3, 1, 7)": -10.000000000008113,
        "(3, 1, 8)": -10.000000000007354,
        "(3, 1, 9)": -10.000000000006711,
        "(3, 1, 10)": -10.000000000006146,
        "(3, 2, 1)": -11.306404398860938,
        "(3, 2, 2)": -11.049317801709808,
        "(3, 2, 3)": -10.799040268346678,
        "(3, 2, 4)": -10.510473303097852,
        "(3, 2, 5)": -10.342365175243229,
        "(3, 2, 6)": -10.204638555827971,
        "(3, 2, 7)": -10.09676830199913,
        "(3, 2, 8)": -10.044577254677934,
        "(3, 2, 9)": -10.013999235610457,
        "(3, 2, 10)": -10.000000000006933,
        "(3, 3, 1)": -19.515748124759096,
        "(3, 3, 2)": -18.807036100405497,
        "(3, 3, 3)": -18.15916807301256,
        "(3, 3, 4)": -17.514403983041827,
        "(3, 3, 5)": -17.5326103425288,
        "(3, 3, 6)": -16.88209421607196,
        "(3, 3, 7)": -14.888461245803587,
        "(3, 3, 8)": -12.727183635242072,
        "(3, 3, 9)": -10.231076487070077,
        "(3, 3, 10)": -7.161255872474364,
        "(3, 4, 1)": 1.6466229662012006,
        "(3, 4, 2)": 8.4932575806239,
        "(3, 4, 3)": 15.01478322316947,
        "(3, 4, 4)": 22.26395596327989,
        "(3, 4, 5)": 30.70225685446719,
        "(3, 4, 6)": 41.25581081674715,
        "(3, 4, 7)": 53.34950233289707,
        "(3, 4, 8)": 67.42971413514378,
        "(3, 4, 9)": 83.11173965101193,
        "(3, 4, 10)": 99.56543805321716,
        "(4, 1, 1)": -5.00000000001764,
        "(4, 1, 2)": -5.00000000001491,
        "(4, 1, 3)": -5.000000000012908,
        "(4, 1, 4)": -5.000000000011355,
        "(4, 1, 5)": -5.000000000010106,
        "(4, 1, 6)": -5.000000000009067,
        "(4, 1, 7)": -5.000000000008192,
        "(4, 1, 8)": -5.000000000007434,
        "(4, 1, 9)": -5.000000000006776,
        "(4, 1, 10)": -5.000000000006199,
        "(4, 2, 1)": -6.523454618997128,
        "(4, 2, 2)": -6.223652597143236,
        "(4, 2, 3)": -5.931791478982318,
        "(4, 2, 4)": -5.595277533916979,
        "(4, 2, 5)": -5.399240323244328,
        "(4, 2, 6)": -5.238632928710465,
        "(4, 2, 7)": -5.112842525319375,
        "(4, 2, 8)": -5.051981791092356,
        "(4, 2, 9)": -5.016324533515982,
        "(4, 2, 10)": -5.000000000007077,
        "(4, 3, 1)": -16.099204161279193,
        "(4, 3, 2)": -15.272495640571528,
        "(4, 3, 3)": -14.516772439363288,
        "(4, 3, 4)": -13.764676107183867,
        "(4, 3, 5)": -13.78596302795442,
        "(4, 3, 6)": -13.215428701961832,
        "(4, 3, 7)": -11.199444778946022,
        "(4, 3, 8)": -8.967015725467704,
        "(4, 3, 9)": -6.418382100580158,
        "(4, 3, 10)": -3.3016099289302163,
        "(4, 4, 1)": 4.302716219111786,
        "(4, 4, 2)": 10.127288132483033,
        "(4, 4, 3)": 17.686749498053036,
        "(4, 4, 4)": 24.813326506364405,
        "(4, 4, 5)": 33.112128124762286,
        "(4, 4, 6)": 43.6156444253815,
        "(4, 4, 7)": 55.65230107040609,
        "(4, 4, 8)": 69.52228001827876,