{
    "D_flex": 10.0,
    "α_GEN": {
        "NUC": 0.7,
        "CCGT": 0.7,
        "WIND": 0.7
    },
    "α_CONS": 0.7,
    "β_GEN": {
        "NUC": 0.4,
        "CCGT": 0.4,
        "WIND": 0.4
    },
    "β_CONS": 0.7,
    "CAPACITY": {
        "CCGT": 75.01760246161136,
        "NUC": 84.14061742785324,
        "WIND": 36.87028577271254
    },
    "VOL_GEN": {
        "CCGT": -37.14256699731341,
        "NUC": -56.141375707258405,
        "WIND": -7.243163345402166
    },
    "VOL_CON": 100.59135034853236,
    "CONS_SURPLUS": 8.162355881800033e9,
    "CONS_objective": 8.162132638574158e9,
    "GEN_objective": {
        "CCGT": -41.129478015122004,
        "NUC": 98.40829034644412,
        "WIND": -126.82311562792165
    },
    "GEN_CVAR": {
        "CCGT": 4.245968095014718e6,
        "NUC": 2.240304416163697e6,
        "WIND": 1.1605246423480571e6
    },
    "CONTRACT_PRICE": 13.514902898381795,
    "AVG_PAYOUT": 12.765861874354764,
    "RISK_PREMIA": 0.7490410240270311,
    "Unserved_energy": 4.580535626383206,
    "AVG_prod_price": 59.42741939305687,
    "AVG_risk_price": 60.440483458454516,
    "AVG_spot_price": 61.30842334535395,
    "AVG_cons_price": 62.32148741075157,
    "spot_price_std": 23.412020636953592,
    "CONS_price_std": 1.1721513459484372,
    "AVG_Profit": {
        "CCGT": 1.3594886804206101e6,
        "NUC": 845538.1395703824,
        "WIND": 400303.2207258481
    },
    "PAYOUT": {
        "(1, 1, 1)": -22.487880740377104,
        "(1, 1, 2)": -22.173029426605545,
        "(1, 1, 3)": -21.942625288689516,
        "(1, 1, 4)": -21.4937686198714,
        "(1, 1, 5)": -21.070127156410013,
        "(1, 1, 6)": -20.89028256619955,
        "(1, 1, 7)": -20.715157540324764,
        "(1, 1, 8)": -20.54465200775478,
        "(1, 1, 9)": -20.348100265341415,
        "(1, 1, 10)": -20.23350574380621,
        "(1, 2, 1)": -23.848757849454504,
        "(1, 2, 2)": -23.451680016131267,
        "(1, 2, 3)": -22.77636115857745,
        "(1, 2, 4)": -22.51335735998887,
        "(1, 2, 5)": -22.195689342587436,
        "(1, 2, 6)": -21.963045799638756,
        "(1, 2, 7)": -21.1278763159404,
        "(1, 2, 8)": -19.357162694804614,
        "(1, 2, 9)": -17.541212592209376,
        "(1, 2, 10)": -15.442864753335884,
        "(1, 3, 1)": -20.92553968120769,
        "(1, 3, 2)": -18.858479593413843,
        "(1, 3, 3)": -15.85320629079504,
        "(1, 3, 4)": -12.326522215323553,
        "(1, 3, 5)": -7.906468831655203,
        "(1, 3, 6)": -2.4358755027076144,
        "(1, 3, 7)": 3.634493320642513,
        "(1, 3, 8)": 9.99310999355738,
        "(1, 3, 9)": 17.371306684326267,
        "(1, 3, 10)": 25.777952084238265,
        "(1, 4, 1)": -9.051195517665017,
        "(1, 4, 2)": -3.398526137827543,
        "(1, 4, 3)": 2.926657121109919,
        "(1, 4, 4)": 9.438836025404015,
        "(1, 4, 5)": 17.082427235778166,
        "(1, 4, 6)": 25.504424518487216,
        "(1, 4, 7)": 35.67473892247039,
        "(1, 4, 8)": 47.441674931930045,
        "(1, 4, 9)": 61.249482979276905,
        "(1, 4, 10)": 77.15902683858573,
        "(2, 1, 1)": -18.10876283580293,
        "(2, 1, 2)": -17.71531936426255,
        "(2, 1, 3)": -17.42741012570986,
        "(2, 1, 4)": -16.866518071847068,
        "(2, 1, 5)": -16.337138191863414,
        "(2, 1, 6)": -16.112417876458935,
        "(2, 1, 7)": -15.893595398376291,
        "(2, 1, 8)": -15.68054558943478,
        "(2, 1, 9)": -15.434949840787429,
        "(2, 1, 10)": -15.291763364020259,
        "(2, 2, 1)": -19.809524936749135,
        "(2, 2, 2)": -19.31329566942804,
        "(2, 2, 3)": -18.46933837723976,
        "(2, 2, 4)": -18.140679243447572,
        "(2, 2, 5)": -17.743706387073672,
        "(2, 2, 6)": -17.452991138803217,
        "(2, 2, 7)": -16.636366126765424,
        "(2, 2, 8)": -14.832668919367405,
        "(2, 2, 9)": -12.981787798067826,
        "(2, 2, 10)": -10.873805657638236,
        "(2, 3, 1)": -17.91568830440748,
        "(2, 3, 2)": -15.352988233970324,
        "(2, 3, 3)": -12.310518586080901,
        "(2, 3, 4)": -8.786276170038755,
        "(2, 3, 5)": -4.393855685801623,
        "(2, 3, 6)": 1.1014625615843794,
        "(2, 3, 7)": 7.1867521649577375,
        "(2, 3, 8)": 13.477618869443146,
        "(2, 3, 9)": 20.823521771572338,
        "(2, 3, 10)": 29.16257025572787,
        "(2, 4, 1)": -6.04415133043714,
        "(2, 4, 2)": -0.3536615801241724,
        "(2, 4, 3)": 6.0100618450168275,
        "(2, 4, 4)": 12.453132108467207,
        "(2, 4, 5)": 20.075572864498035,
        "(2, 4, 6)": 28.359023145114076,
        "(2, 4, 7)": 38.44987937705311,
        "(2, 4, 8)": 50.14015425906355,
        "(2, 4, 9)": 63.73139545148851,
        "(2, 4, 10)": 79.68509869172146,
        "(3, 1, 1)": -13.729206749012846,
        "(3, 1, 2)": -13.25721974424226,
        "(3, 1, 3)": -12.911844061423869,
        "(3, 1, 4)": -12.238988628904773,
        "(3, 1, 5)": -11.60393957722924,
        "(3, 1, 6)": -11.334377938951748,
        "(3, 1, 7)": -11.071891754663742,
        "(3, 1, 8)": -10.81633072736557,
        "(3, 1, 9)": -10.521728784382116,
        "(3, 1, 10)": -10.349973166120009,
        "(3, 2, 1)": -15.769719222499615,
        "(3, 2, 2)": -15.174386090292373,
        "(3, 2, 3)": -14.16186742069052,
        "(3, 2, 4)": -13.767591480287996,
        "(3, 2, 5)": -13.291358970608428,
        "(3, 2, 6)": -12.942607942923647,
        "(3, 2, 7)": -12.144624323421546,
        "(3, 2, 8)": -10.308064316171139,
        "(3, 2, 9)": -8.422297951968828,
        "(3, 2, 10)": -6.304736057898148,
        "(3, 3, 1)": -14.442175335940316,
        "(3, 3, 2)": -11.809338016488628,
        "(3, 3, 3)": -8.724775359077022,
        "(3, 3, 4)": -5.713810826375717,
        "(3, 3, 5)": -1.3208803232627868,
        "(3, 3, 6)": 4.0926127739335,
        "(3, 3, 7)": 10.28932410402488,
        "(3, 3, 8)": 17.042488546516367,
        "(3, 3, 9)": 24.38473780834624,
        "(3, 3, 10)": 32.641222537380614,
        "(3, 4, 1)": -3.033693295926663,
        "(3, 4, 2)": 2.6913820276928497,
        "(3, 4, 3)": 9.09356746715457,
        "(3, 4, 4)": 15.46748678277709,
        "(3, 4, 5)": 23.068676600742304,
        "(3, 4, 6)": 31.213490483366556,
        "(3, 4, 7)": 41.2247619030075,
        "(3, 4, 8)": 52.83825753559296,
        "(3, 4, 9)": 66.21271929369873,
        "(3, 4, 10)": 82.21055568774844,
        "(4, 1, 1)": -9.34921099519889,
        "(4, 1, 2)": -8.798729261393675,
        "(4, 1, 3)": -8.395925933307753,
        "(4, 1, 4)": -7.6111793772707665,
        "(4, 1, 5)": -6.870530633096084,
        "(4, 1, 6)": -6.556162191883484,
        "(4, 1, 7)": -6.2500461604162885,
        "(4, 1, 8)": -5.952007081253215,
        "(4, 1, 9)": -5.60843687680151,
        "(4, 1, 10)": -5.408135003150884,
        "(4, 2, 1)": -11.729338765724496,
        "(4, 2, 2)": -11.03494951901019,
        "(4, 2, 3)": -9.853946804131745,
        "(4, 2, 4)": -9.39409272832719,
        "(4, 2, 5)": -8.838645912085298,
        "(4, 2, 6)": -8.431895158809278,
        "(4, 2, 7)": -7.652650171347206,
        "(4, 2, 8)": -5.783348537440598,
        "(4, 2, 9)": -3.8627428519146965,
        "(4, 2, 10)": -1.7356559218349465,
        "(4, 3, 1)": -10.968135519995757,
        "(4, 3, 2)": -8.265226965433396,
        "(4, 3, 3)": -5.13864987520861,
        "(4, 3, 4)": -2.1848521553045606,
        "(4, 3, 5)": 2.2060992992403077,
        "(4, 3, 6)": 7.600563158226814,
        "(4, 3, 7)": 13.828619657701946,
        "(4, 3, 8)": 20.5971137117582,
        "(4, 3, 9)": 27.362847357283837,
        "(4, 3, 10)": 35.76567289390969,
        "(4, 4, 1)": 0.0865500322130683,
        "(4, 4, 2)": 5.805888526549664,
        "(4, 4, 3)": 12.238694138437758,
        "(4, 4, 4)": 18.565319341787948,
        "(4, 4, 5)": 26.172776328586174,
        "(4, 4, 6)": 34.153743411028074,
        "(4, 4, 7)": 44.0946726941199,
        "(4, 4, 8)": 55.61771743859178,
        "(4, 4, 9)": 68.79425737541065,