{
    "D_flex": 10.0,
    "α_GEN": {
        "NUC": 0.7,
        "CCGT": 0.7,
        "WIND": 0.7
    },
    "α_CONS": 0.7,
    "β_GEN": {
        "NUC": 0.6,
        "CCGT": 0.6,
        "WIND": 0.6
    },
    "β_CONS": 0.7,
    "CAPACITY": {
        "CCGT": 79.57909466328312,
        "NUC": 75.58996670175941,
        "WIND": 57.099942382995884
    },
    "VOL_GEN": {
        "CCGT": -40.46564519598252,
        "NUC": -49.61749195564545,
        "WIND": -10.588191464824263
    },
    "VOL_CON": 100.40774314522865,
    "CONS_SURPLUS": 8.163116141798123e9,
    "CONS_objective": 8.162885530570219e9,
    "GEN_objective": {
        "CCGT": -10.543828188325278,
        "NUC": 14.112394130846951,
        "WIND": 97.93359793693526
    },
    "GEN_CVAR": {
        "CCGT": 4.237121957027761e6,
        "NUC": 1.963900915961342e6,
        "WIND": 1.697543638040184e6
    },
    "CONTRACT_PRICE": 12.604284579433266,
    "AVG_PAYOUT": 12.406660553636256,
    "RISK_PREMIA": 0.1976240257970101,
    "Unserved_energy": 5.33793606536365,
    "AVG_prod_price": 59.232482065278546,
    "AVG_risk_price": 59.67713379016414,
    "AVG_spot_price": 61.000473518129645,
    "AVG_cons_price": 61.44512524301526,
    "spot_price_std": 24.376102678521242,
    "CONS_price_std": 1.2768412087186063,
    "AVG_Profit": {
        "CCGT": 0.0,
        "NUC": 0.0,
        "WIND": 0.0
    },
    "PAYOUT": {}
}
