{
    "D_flex": 10.0,
    "α_GEN": {
        "NUC": 0.7,
        "CCGT": 0.7,
        "WIND": 0.7
    },
    "α_CONS": 0.7,
    "β_GEN": {
        "NUC": 0.2,
        "CCGT": 0.2,
        "WIND": 0.2
    },
    "β_CONS": 0.7,
    "CAPACITY": {
        "CCGT": 137.33058323785508,
        "NUC": 0.006384807181857814,
        "WIND": 163.3976160798821
    },
    "VOL_GEN": {
        "CCGT": -153.0346371862729,
        "NUC": -0.0061593452140117,
        "WIND": -7.375863905611766
    },
    "VOL_CON": 160.40705822665956,
    "CONS_SURPLUS": 8.1619073560781975e9,
    "CONS_objective": 8.159970567936417e9,
    "GEN_objective": {
        "CCGT": -43.60035060350674,
        "NUC": -58.271617056576076,
        "WIND": -77.54817929503042
    },
    "GEN_CVAR": {
        "CCGT": 71562.40509312827,
        "NUC": 671.9988647419129,
        "WIND": 8.162804743180407e6
    },
    "CONTRACT_PRICE": 63284.38622040606,
    "AVG_PAYOUT": 60612.280320974525,
    "RISK_PREMIA": 2672.1058994315317,
    "Unserved_energy": 5.544166828995286,
    "AVG_prod_price": 59.38287600005544,
    "AVG_risk_price": 60.02017836816142,
    "AVG_spot_price": 62.221840987781526,
    "AVG_cons_price": 62.85914335588748,
    "spot_price_std": 25.859388034950726,
    "CONS_price_std": 13.782379411483795,
    "AVG_Profit": {
        "CCGT": 53474.001851811896,
        "NUC": 226.71184135324765,
        "WIND": 3.0880582783615845e6
    },
    "EXP_PROD": 901128.8453505641,
    "UNIT_RISK_COST": 0.6373023681059663,
    "PAYOUT": {
        "(1, 1, 1)": 0.0,
        "(1, 1, 2)": 0.0,
        "(1, 1, 3)": 0.0,
        "(1, 1, 4)": 0.0,
        "(1, 1, 5)": 0.0,
        "(1, 1, 6)": 0.0,
        "(1, 1, 7)": 0.0,
        "(1, 1, 8)": 0.0,
        "(1, 1, 9)": 0.0,
        "(1, 1, 10)": 0.0,
        "(1, 2, 1)": 0.0,
        "(1, 2, 2)": 0.0,
        "(1, 2, 3)": 0.0,
        "(1, 2, 4)": 0.0,
        "(1, 2, 5)": 0.0,
        "(1, 2, 6)": 0.0,
        "(1, 2, 7)": 0.0,
        "(1, 2, 8)": 0.0,
        "(1, 2, 9)": 0.0,
        "(1, 2, 10)": 0.0,
        "(1, 3, 1)": 0.0,
        "(1, 3, 2)": 0.0,
        "(1, 3, 3)": 0.0,
        "(1, 3, 4)": 0.0,
        "(1, 3, 5)": 0.0,
        "(1, 3, 6)": 0.0,
        "(1, 3, 7)": 0.0,
        "(1, 3, 8)": 0.0,
        "(1, 3, 9)": 0.0,
        "(1, 3, 10)": 0.0,
        "(1, 4, 1)": 82735.89964466027,
        "(1, 4, 2)": 110398.41772956747,
        "(1, 4, 3)": 142346.76311950554,
        "(1, 4, 4)": 174666.7631195055,
        "(1, 4, 5)": 210735.108509444,
        "(1, 4, 6)": 256565.97198428962,
        "(1, 4, 7)": 309725.5764166816,
        "(1, 4, 8)": 371959.3535440423,
        "(1, 4, 9)": 444350.2170188874,
        "(1, 4, 10)": 533405.6849261259,
        "(2, 1, 1)": 0.0,
        "(2, 1, 2)": 0.0,
        "(2, 1, 3)": 0.0,
        "(2, 1, 4)": 0.0,
        "(2, 1, 5)": 0.0,
        "(2, 1, 6)": 0.0,
        "(2, 1, 7)": 0.0,
        "(2, 1, 8)": 0.0,
        "(2, 1, 9)": 0.0,
        "(2, 1, 10)": 0.0,
        "(2, 2, 1)": 0.0,
        "(2, 2, 2)": 0.0,
        "(2, 2, 3)": 0.0,
        "(2, 2, 4)": 0.0,
        "(2, 2, 5)": 0.0,
        "(2, 2, 6)": 0.0,
        "(2, 2, 7)": 0.0,
        "(2, 2, 8)": 0.0,
        "(2, 2, 9)": 0.0,
        "(2, 2, 10)": 0.0,
        "(2, 3, 1)": 0.0,
        "(2, 3, 2)": 0.0,
        "(2, 3, 3)": 0.0,
        "(2, 3, 4)": 0.0,
        "(2, 3, 5)": 0.0,
        "(2, 3, 6)": 0.0,
        "(2, 3, 7)": 0.0,
        "(2, 3, 8)": 0.0,
        "(2, 3, 9)": 0.0,
        "(2, 3, 10)": 0.0,
        "(2, 4, 1)": 80535.89964466036,
        "(2, 4, 2)": 107598.41772956755,
        "(2, 4, 3)": 139146.7631195055,
        "(2, 4, 4)": 171466.76311950525,
        "(2, 4, 5)": 207135.10850944405,
        "(2, 4, 6)": 251965.97198428973,
        "(2, 4, 7)": 304425.57641668146,
        "(2, 4, 8)": 365759.35354404215,
        "(2, 4, 9)": 437150.21701888763,
        "(2, 4, 10)": 524505.6849261263,
        "(3, 1, 1)": 0.0,
        "(3, 1, 2)": 0.0,
        "(3, 1, 3)": 0.0,
        "(3, 1, 4)": 0.0,
        "(3, 1, 5)": 0.0,
        "(3, 1, 6)": 0.0,
        "(3, 1, 7)": 0.0,
        "(3, 1, 8)": 0.0,
        "(3, 1, 9)": 0.0,
        "(3, 1, 10)": 0.0,
        "(3, 2, 1)": 0.0,
        "(3, 2, 2)": 0.0,
        "(3, 2, 3)": 0.0,
        "(3, 2, 4)": 0.0,
        "(3, 2, 5)": 0.0,
        "(3, 2, 6)": 0.0,
        "(3, 2, 7)": 0.0,
        "(3, 2, 8)": 0.0,
        "(3, 2, 9)": 0.0,
        "(3, 2, 10)": 0.0,
        "(3, 3, 1)": 0.0,
        "(3, 3, 2)": 0.0,
        "(3, 3, 3)": 0.0,
        "(3, 3, 4)": 0.0,
        "(3, 3, 5)": 0.0,
        "(3, 3, 6)": 0.0,
        "(3, 3, 7)": 0.0,
        "(3, 3, 8)": 0.0,
        "(3, 3, 9)": 0.0,
        "(3, 3, 10)": 0.0,
        "(3, 4, 1)": 78335.89964466066,
        "(3, 4, 2)": 104798.41772956785,
        "(3, 4, 3)": 135946.76311950563,
        "(3, 4, 4)": 168266.76311950578,
        "(3, 4, 5)": 203535.1085094442,
        "(3, 4, 6)": 247365.97198429029,
        "(3, 4, 7)": 299125.57641668204,
        "(3, 4, 8)": 359559.3535440429,
        "(3, 4, 9)": 429950.2170188885,
        "(3, 4, 10)": 515605.68492612784,
        "(4, 1, 1)": 0.0,
        "(4, 1, 2)": 0.0,
        "(4, 1, 3)": 0.0,
        "(4, 1, 4)": 0.0,
        "(4, 1, 5)": 0.0,
        "(4, 1, 6)": 0.0,
        "(4, 1, 7)": 0.0,
        "(4, 1, 8)": 0.0,
        "(4, 1, 9)": 0.0,
        "(4, 1, 10)": 0.0,
        "(4, 2, 1)": 0.0,
        "(4, 2, 2)": 0.0,
        "(4, 2, 3)": 0.0,
        "(4, 2, 4)": 0.0,
        "(4, 2, 5)": 0.0,
        "(4, 2, 6)": 0.0,
        "(4, 2, 7)": 0.0,
        "(4, 2, 8)": 0.0,
        "(4, 2, 9)": 0.0,
        "(4, 2, 10)": 0.0,
        "(4, 3, 1)": 0.0,
        "(4, 3, 2)": 0.0,
        "(4, 3, 3)": 0.0,
        "(4, 3, 4)": 0.0,
        "(4, 3, 5)": 0.0,
        "(4, 3, 6)": 0.0,
        "(4, 3, 7)": 0.0,
        "(4, 3, 8)": 0.0,
        "(4, 3, 9)": 0.0,
        "(4, 3, 10)": 0.0,
        "(4, 4, 1)": 76135.89964466044,
        "(4, 4, 2)": 101998.41772956782,
        "(4, 4, 3)": 132746.76311950572,
        "(4, 4, 4)": 165066.7631195056,
        "(4, 4, 5)": 199935.10850944454,
        "(4, 4, 6)": 242765.9719842906,
        "(4, 4, 7)": 293825.5764166822,
        "(4, 4, 8)": 353359.3535440431,
        "(4, 4, 9)": 422750.21701888845,
        "(4, 4, 10)": 506705.6849261274,
        "(5, 1, 1)": 0.0,
        "(5, 1, 2)": 0.0,
        "(5, 1, 3)": 0.0,
        "(5, 1, 4)": 0.0,
        "(5, 1, 5)": 0.0,
        "(5, 1, 6)": 0.0,
        "(5, 1, 7)": 0.0,
        "(5, 1, 8)": 0.0,
        "(5, 1, 9)": 0.0,
        "(5, 1, 10)": 0.0,
        "(5, 2, 1)": 0.0,
        "(5, 2, 2)": 0.0,
        "(5, 2, 3)": 0.0,
        "(5, 2, 4)": 0.0,
        "(5, 2, 5)": 0.0,
        "(5, 2, 6)": 0.0,
        "(5, 2, 7)": 0.0,
        "(5, 2, 8)": 0.0,
        "(5, 2, 9)": 0.0,
        "(5, 2, 10)": 0.0,
        "(5, 3, 1)": 0.0,
        "(5, 3, 2)": 0.0,
        "(5, 3, 3)": 0.0,
        "(5, 3, 4)": 0.0,
        "(5, 3, 5)": 0.0,
        "(5, 3, 6)": 0.0,
        "(5, 3, 7)": 0.0,
        "(5, 3, 8)": 0.0,
        "(5, 3, 9)": 0.0,
        "(5, 3, 10)": 0.0,
        "(5, 4, 1)": 73935.89964466076,
        "(5, 4, 2)": 99198.41772956843,
        "(5, 4, 3)": 129546.76311950601,
        "(5, 4, 4)": 161866.7631195059,
        "(5, 4, 5)": 196335.1085094446,
        "(5, 4, 6)": 238165.97198429087,
        "(5, 4, 7)": 288525.57641668245,
        "(5, 4, 8)": 347159.3535440437,
        "(5, 4, 9)": 415550.2170188888,
        "(5, 4, 10)": 497805.6849261275,
        "(6, 1, 1)": 0.0,
        "(6, 1, 2)": 0.0,
        "(6, 1, 3)": 0.0,
        "(6, 1, 4)": 0.0,
        "(6, 1, 5)": 0.0,
        "(6, 1, 6)": 0.0,
        "(6, 1, 7)": 0.0,
        "(6, 1, 8)": 0.0,
        "(6, 1, 9)": 0.0,
        "(6, 1, 10)": 0.0,
        "(6, 2, 1)": 0.0,
        "(6, 2, 2)": 0.0,
        "(6, 2, 3)": 0.0,
        "(6, 2, 4)": 0.0,
        "(6, 2, 5)": 0.0,
        "(6, 2, 6)": 0.0,
        "(6, 2, 7)": 0.0,
        "(6, 2, 8)": 0.0,
        "(6, 2, 9)": 0.0,
        "(6, 2, 10)": 0.0,