{
    "D_flex": 10.0,
    "α_GEN": {
        "NUC": 0.7,
        "CCGT": 0.7,
        "WIND": 0.7
    },
    "α_CONS": 0.7,
    "β_GEN": {
        "NUC": 0.8,
        "CCGT": 0.8,
        "WIND": 0.8
    },
    "β_CONS": 0.7,
    "CAPACITY": {
        "CCGT": 122.6464384828845,
        "NUC": 12.380482362348198,
        "WIND": 177.29415304383258
    },
    "VOL_GEN": {
        "CCGT": -136.99679095378332,
        "NUC": -12.453872452314835,
        "WIND": -8.248726425995528
    },
    "VOL_CON": 157.69944997771606,
    "CONS_SURPLUS": 8.164499112313513e9,
    "CONS_objective": 8.162657303190016e9,
    "GEN_objective": {
        "CCGT": -51.61411483946722,
        "NUC": 107.9952855379961,
        "WIND": -19.274626277619973
    },
    "GEN_CVAR": {
        "CCGT": 47897.543588762324,
        "NUC": 843986.3370346153,
        "WIND": 5.096172288856232e6
    },
    "CONTRACT_PRICE": 63017.156719527076,
    "AVG_PAYOUT": 60548.1791325132,
    "RISK_PREMIA": 2468.9775870138765,
    "Unserved_energy": 5.532625630005542,
    "AVG_prod_price": 58.85937135340285,
    "AVG_risk_price": 59.45045633801536,
    "AVG_spot_price": 59.39094539062808,
    "AVG_cons_price": 59.98203037524062,
    "spot_price_std": 24.63271877724008,
    "CONS_price_std": 13.449310246978776,
    "AVG_Profit": {
        "CCGT": 12380.0168437692,
        "NUC": 138301.12360084415,
        "WIND": 867199.5385132163
    },
    "EXP_PROD": 901157.8104441874,
    "UNIT_RISK_COST": 0.5910849846125277,
    "PAYOUT": {
        "(1, 1, 1)": 0.0,
        "(1, 1, 2)": 0.0,
        "(1, 1, 3)": 0.0,
        "(1, 1, 4)": 0.0,
        "(1, 1, 5)": 0.0,
        "(1, 1, 6)": 0.0,
        "(1, 1, 7)": 0.0,
        "(1, 1, 8)": 0.0,
        "(1, 1, 9)": 0.0,
        "(1, 1, 10)": 0.0,
        "(1, 2, 1)": 0.0,
        "(1, 2, 2)": 0.0,
        "(1, 2, 3)": 0.0,
        "(1, 2, 4)": 0.0,
        "(1, 2, 5)": 0.0,
        "(1, 2, 6)": 0.0,
        "(1, 2, 7)": 0.0,
        "(1, 2, 8)": 0.0,
        "(1, 2, 9)": 0.0,
        "(1, 2, 10)": 0.0,
        "(1, 3, 1)": 0.0,
        "(1, 3, 2)": 0.0,
        "(1, 3, 3)": 0.0,
        "(1, 3, 4)": 0.0,
        "(1, 3, 5)": 0.0,
        "(1, 3, 6)": 0.0,
        "(1, 3, 7)": 0.0,
        "(1, 3, 8)": 0.0,
        "(1, 3, 9)": 0.0,
        "(1, 3, 10)": 0.0,
        "(1, 4, 1)": 82616.26221974826,
        "(1, 4, 2)": 110246.15191604348,
        "(1, 4, 3)": 142172.7450469061,
        "(1, 4, 4)": 174492.74504690606,
        "(1, 4, 5)": 210539.3381777697,
        "(1, 4, 6)": 256315.8210049285,
        "(1, 4, 7)": 309437.3589839383,
        "(1, 4, 8)": 371622.1935283811,
        "(1, 4, 9)": 443958.676355539,
        "(1, 4, 10)": 532921.6971617094,
        "(2, 1, 1)": 0.0,
        "(2, 1, 2)": 0.0,
        "(2, 1, 3)": 0.0,
        "(2, 1, 4)": 0.0,
        "(2, 1, 5)": 0.0,
        "(2, 1, 6)": 0.0,
        "(2, 1, 7)": 0.0,
        "(2, 1, 8)": 0.0,
        "(2, 1, 9)": 0.0,
        "(2, 1, 10)": 0.0,
        "(2, 2, 1)": 0.0,
        "(2, 2, 2)": 0.0,
        "(2, 2, 3)": 0.0,
        "(2, 2, 4)": 0.0,
        "(2, 2, 5)": 0.0,
        "(2, 2, 6)": 0.0,
        "(2, 2, 7)": 0.0,
        "(2, 2, 8)": 0.0,
        "(2, 2, 9)": 0.0,
        "(2, 2, 10)": 0.0,
        "(2, 3, 1)": 0.0,
        "(2, 3, 2)": 0.0,
        "(2, 3, 3)": 0.0,
        "(2, 3, 4)": 0.0,
        "(2, 3, 5)": 0.0,
        "(2, 3, 6)": 0.0,
        "(2, 3, 7)": 0.0,
        "(2, 3, 8)": 0.0,
        "(2, 3, 9)": 0.0,
        "(2, 3, 10)": 0.0,
        "(2, 4, 1)": 80416.2622197483,
        "(2, 4, 2)": 107446.15191604353,
        "(2, 4, 3)": 138972.74504690617,
        "(2, 4, 4)": 171292.74504690617,
        "(2, 4, 5)": 206939.33817777,
        "(2, 4, 6)": 251715.82100492832,
        "(2, 4, 7)": 304137.35898393905,
        "(2, 4, 8)": 365422.1935283815,
        "(2, 4, 9)": 436758.6763555393,
        "(2, 4, 10)": 524021.69716170937,
        "(3, 1, 1)": 0.0,
        "(3, 1, 2)": 0.0,
        "(3, 1, 3)": 0.0,
        "(3, 1, 4)": 0.0,
        "(3, 1, 5)": 0.0,
        "(3, 1, 6)": 0.0,
        "(3, 1, 7)": 0.0,
        "(3, 1, 8)": 0.0,
        "(3, 1, 9)": 0.0,
        "(3, 1, 10)": 0.0,
        "(3, 2, 1)": 0.0,
        "(3, 2, 2)": 0.0,
        "(3, 2, 3)": 0.0,
        "(3, 2, 4)": 0.0,
        "(3, 2, 5)": 0.0,
        "(3, 2, 6)": 0.0,
        "(3, 2, 7)": 0.0,
        "(3, 2, 8)": 0.0,
        "(3, 2, 9)": 0.0,
        "(3, 2, 10)": 0.0,
        "(3, 3, 1)": 0.0,
        "(3, 3, 2)": 0.0,
        "(3, 3, 3)": 0.0,
        "(3, 3, 4)": 0.0,
        "(3, 3, 5)": 0.0,
        "(3, 3, 6)": 0.0,
        "(3, 3, 7)": 0.0,
        "(3, 3, 8)": 0.0,
        "(3, 3, 9)": 0.0,
        "(3, 3, 10)": 0.0,
        "(3, 4, 1)": 78216.2622197485,
        "(3, 4, 2)": 104646.15191604369,
        "(3, 4, 3)": 135772.74504690626,
        "(3, 4, 4)": 168092.74504690614,
        "(3, 4, 5)": 203339.33817777006,
        "(3, 4, 6)": 247115.82100492902,
        "(3, 4, 7)": 298837.3589839393,
        "(3, 4, 8)": 359222.19352838176,
        "(3, 4, 9)": 429558.6763555397,
        "(3, 4, 10)": 515121.69716171024,
        "(4, 1, 1)": 0.0,
        "(4, 1, 2)": 0.0,
        "(4, 1, 3)": 0.0,
        "(4, 1, 4)": 0.0,
        "(4, 1, 5)": 0.0,
        "(4, 1, 6)": 0.0,
        "(4, 1, 7)": 0.0,
        "(4, 1, 8)": 0.0,
        "(4, 1, 9)": 0.0,
        "(4, 1, 10)": 0.0,
        "(4, 2, 1)": 0.0,
        "(4, 2, 2)": 0.0,
        "(4, 2, 3)": 0.0,
        "(4, 2, 4)": 0.0,
        "(4, 2, 5)": 0.0,
        "(4, 2, 6)": 0.0,
        "(4, 2, 7)": 0.0,
        "(4, 2, 8)": 0.0,
        "(4, 2, 9)": 0.0,
        "(4, 2, 10)": 0.0,
        "(4, 3, 1)": 0.0,
        "(4, 3, 2)": 0.0,
        "(4, 3, 3)": 0.0,
        "(4, 3, 4)": 0.0,
        "(4, 3, 5)": 0.0,
        "(4, 3, 6)": 0.0,
        "(4, 3, 7)": 0.0,
        "(4, 3, 8)": 0.0,
        "(4, 3, 9)": 0.0,
        "(4, 3, 10)": 0.0,
        "(4, 4, 1)": 76016.26221974895,
        "(4, 4, 2)": 101846.15191604412,
        "(4, 4, 3)": 132572.74504690673,
        "(4, 4, 4)": 164892.74504690652,
        "(4, 4, 5)": 199739.33817777035,
        "(4, 4, 6)": 242515.8210049293,
        "(4, 4, 7)": 293537.3589839392,
        "(4, 4, 8)": 353022.19352838193,
        "(4, 4, 9)": 422358.67635554005,
        "(4, 4, 10)": 506221.69716171105,
        "(5, 1, 1)": 0.0,
        "(5, 1, 2)": 0.0,
        "(5, 1, 3)": 0.0,
        "(5, 1, 4)": 0.0,
        "(5, 1, 5)": 0.0,
        "(5, 1, 6)": 0.0,
        "(5, 1, 7)": 0.0,
        "(5, 1, 8)": 0.0,
        "(5, 1, 9)": 0.0,
        "(5, 1, 10)": 0.0,
        "(5, 2, 1)": 0.0,
        "(5, 2, 2)": 0.0,
        "(5, 2, 3)": 0.0,
        "(5, 2, 4)": 0.0,
        "(5, 2, 5)": 0.0,
        "(5, 2, 6)": 0.0,
        "(5, 2, 7)": 0.0,
        "(5, 2, 8)": 0.0,
        "(5, 2, 9)": 0.0,
        "(5, 2, 10)": 0.0,
        "(5, 3, 1)": 0.0,
        "(5, 3, 2)": 0.0,
        "(5, 3, 3)": 0.0,
        "(5, 3, 4)": 0.0,
        "(5, 3, 5)": 0.0,
        "(5, 3, 6)": 0.0,
        "(5, 3, 7)": 0.0,
        "(5, 3, 8)": 0.0,
        "(5, 3, 9)": 0.0,
        "(5, 3, 10)": 0.0,
        "(5, 4, 1)": 73816.26221974893,
        "(5, 4, 2)": 99046.15191604415,
        "(5, 4, 3)": 129372.74504690658,
        "(5, 4, 4)": 161692.7450469068,
        "(5, 4, 5)": 196139.33817777105,
        "(5, 4, 6)": 237915.82100492963,
        "(5, 4, 7)": 288237.35898394004,
        "(5, 4, 8)": 346822.1935283831,
        "(5, 4, 9)": 415158.67635554116,
        "(5, 4, 10)": 497321.6971617117,
        "(6, 1, 1)": 0.0,
        "(6, 1, 2)": 0.0,
        "(6, 1, 3)": 0.0,
        "(6, 1, 4)": 0.0,
        "(6, 1, 5)": 0.0,
        "(6, 1, 6)": 0.0,
        "(6, 1, 7)": 0.0,
        "(6, 1, 8)": 0.0,
        "(6, 1, 9)": 0.0,
        "(6, 1, 10)": 0.0,
        "(6, 2, 1)": 0.0,
        "(6, 2, 2)": 0.0,
        "(6, 2, 3)": 0.0,
        "(6, 2, 4)": 0.0,
        "(6, 2, 5)": 0.0,
        "(6, 2, 6)": 0.0,
        "(6, 2, 7)": 0.0,
        "(6, 2, 8)": 0.0,
        "(6, 2, 9)": 0.0,
        "(6, 2, 10)": 0.0,
        "(6, 3, 1)": 0.0,