{
    "D_flex": 10.0,
    "α_GEN": {
        "NUC": 0.7,
        "CCGT": 0.7,
        "WIND": 0.7
    },
    "α_CONS": 0.7,
    "β_GEN": {
        "NUC": 0.6,
        "CCGT": 0.6,
        "WIND": 0.6
    },
    "β_CONS": 0.7,
    "CAPACITY": {
        "CCGT": 133.57695410336825,
        "NUC": 0.1763336126908882,
        "WIND": 184.98999339338917
    },
    "VOL_GEN": {
        "CCGT": -148.98592177906266,
        "NUC": -0.16672218331030045,
        "WIND": -10.084784834556672
    },
    "VOL_CON": 159.2374236038077,
    "CONS_SURPLUS": 8.1635445251134e9,
    "CONS_objective": 8.161657150098686e9,
    "GEN_objective": {
        "CCGT": 14.243466210475162,
        "NUC": -98.9952463526729,
        "WIND": 71.4429642658215
    },
    "GEN_CVAR": {
        "CCGT": 50999.0219565481,
        "NUC": 15562.671774149703,
        "WIND": 6.310943296929195e6
    },
    "CONTRACT_PRICE": 63102.511271830954,
    "AVG_PAYOUT": 60452.72374287474,
    "RISK_PREMIA": 2649.7875289562144,
    "Unserved_energy": 5.515382943841664,
    "AVG_prod_price": 59.019838104297584,
    "AVG_risk_price": 59.64835647910985,
    "AVG_spot_price": 60.405068263772556,
    "AVG_cons_price": 61.03358663858482,
    "spot_price_std": 25.180657756588083,
    "CONS_price_std": 13.607958199885939,
    "AVG_Profit": {
        "CCGT": 26247.264339883197,
        "NUC": 3821.646540009474,
        "WIND": 1.8006046256919557e6
    },
    "EXP_PROD": 901147.6463656828,
    "UNIT_RISK_COST": 0.628518374812278,
    "PAYOUT": {
        "(1, 1, 1)": 0.0,
        "(1, 1, 2)": 0.0,
        "(1, 1, 3)": 0.0,
        "(1, 1, 4)": 0.0,
        "(1, 1, 5)": 0.0,
        "(1, 1, 6)": 0.0,
        "(1, 1, 7)": 0.0,
        "(1, 1, 8)": 0.0,
        "(1, 1, 9)": 0.0,
        "(1, 1, 10)": 0.0,
        "(1, 2, 1)": 0.0,
        "(1, 2, 2)": 0.0,
        "(1, 2, 3)": 0.0,
        "(1, 2, 4)": 0.0,
        "(1, 2, 5)": 0.0,
        "(1, 2, 6)": 0.0,
        "(1, 2, 7)": 0.0,
        "(1, 2, 8)": 0.0,
        "(1, 2, 9)": 0.0,
        "(1, 2, 10)": 0.0,
        "(1, 3, 1)": 0.0,
        "(1, 3, 2)": 0.0,
        "(1, 3, 3)": 0.0,
        "(1, 3, 4)": 0.0,
        "(1, 3, 5)": 0.0,
        "(1, 3, 6)": 0.0,
        "(1, 3, 7)": 0.0,
        "(1, 3, 8)": 0.0,
        "(1, 3, 9)": 0.0,
        "(1, 3, 10)": 0.0,
        "(1, 4, 1)": 82437.92502384714,
        "(1, 4, 2)": 110019.17730307808,
        "(1, 4, 3)": 141913.34548923193,
        "(1, 4, 4)": 174233.34548923175,
        "(1, 4, 5)": 210247.51367538635,
        "(1, 4, 6)": 255942.9341407717,
        "(1, 4, 7)": 309007.72846654104,
        "(1, 4, 8)": 371119.6068853879,
        "(1, 4, 9)": 443375.027350772,
        "(1, 4, 10)": 532200.2421419278,
        "(2, 1, 1)": 0.0,
        "(2, 1, 2)": 0.0,
        "(2, 1, 3)": 0.0,
        "(2, 1, 4)": 0.0,
        "(2, 1, 5)": 0.0,
        "(2, 1, 6)": 0.0,
        "(2, 1, 7)": 0.0,
        "(2, 1, 8)": 0.0,
        "(2, 1, 9)": 0.0,
        "(2, 1, 10)": 0.0,
        "(2, 2, 1)": 0.0,
        "(2, 2, 2)": 0.0,
        "(2, 2, 3)": 0.0,
        "(2, 2, 4)": 0.0,
        "(2, 2, 5)": 0.0,
        "(2, 2, 6)": 0.0,
        "(2, 2, 7)": 0.0,
        "(2, 2, 8)": 0.0,
        "(2, 2, 9)": 0.0,
        "(2, 2, 10)": 0.0,
        "(2, 3, 1)": 0.0,
        "(2, 3, 2)": 0.0,
        "(2, 3, 3)": 0.0,
        "(2, 3, 4)": 0.0,
        "(2, 3, 5)": 0.0,
        "(2, 3, 6)": 0.0,
        "(2, 3, 7)": 0.0,
        "(2, 3, 8)": 0.0,
        "(2, 3, 9)": 0.0,
        "(2, 3, 10)": 0.0,
        "(2, 4, 1)": 80237.92502384735,
        "(2, 4, 2)": 107219.17730307858,
        "(2, 4, 3)": 138713.34548923222,
        "(2, 4, 4)": 171033.34548923207,
        "(2, 4, 5)": 206647.51367538678,
        "(2, 4, 6)": 251342.934140772,
        "(2, 4, 7)": 303707.72846654133,
        "(2, 4, 8)": 364919.6068853872,
        "(2, 4, 9)": 436175.027350772,
        "(2, 4, 10)": 523300.24214192794,
        "(3, 1, 1)": 0.0,
        "(3, 1, 2)": 0.0,
        "(3, 1, 3)": 0.0,
        "(3, 1, 4)": 0.0,
        "(3, 1, 5)": 0.0,
        "(3, 1, 6)": 0.0,
        "(3, 1, 7)": 0.0,
        "(3, 1, 8)": 0.0,
        "(3, 1, 9)": 0.0,
        "(3, 1, 10)": 0.0,
        "(3, 2, 1)": 0.0,
        "(3, 2, 2)": 0.0,
        "(3, 2, 3)": 0.0,
        "(3, 2, 4)": 0.0,
        "(3, 2, 5)": 0.0,
        "(3, 2, 6)": 0.0,
        "(3, 2, 7)": 0.0,
        "(3, 2, 8)": 0.0,
        "(3, 2, 9)": 0.0,
        "(3, 2, 10)": 0.0,
        "(3, 3, 1)": 0.0,
        "(3, 3, 2)": 0.0,
        "(3, 3, 3)": 0.0,
        "(3, 3, 4)": 0.0,
        "(3, 3, 5)": 0.0,
        "(3, 3, 6)": 0.0,
        "(3, 3, 7)": 0.0,
        "(3, 3, 8)": 0.0,
        "(3, 3, 9)": 0.0,
        "(3, 3, 10)": 0.0,
        "(3, 4, 1)": 78037.92502384746,
        "(3, 4, 2)": 104419.17730307853,
        "(3, 4, 3)": 135513.3454892324,
        "(3, 4, 4)": 167833.34548923222,
        "(3, 4, 5)": 203047.5136753868,
        "(3, 4, 6)": 246742.93414077247,
        "(3, 4, 7)": 298407.7284665415,
        "(3, 4, 8)": 358719.6068853878,
        "(3, 4, 9)": 428975.0273507727,
        "(3, 4, 10)": 514400.2421419285,
        "(4, 1, 1)": 0.0,
        "(4, 1, 2)": 0.0,
        "(4, 1, 3)": 0.0,
        "(4, 1, 4)": 0.0,
        "(4, 1, 5)": 0.0,
        "(4, 1, 6)": 0.0,
        "(4, 1, 7)": 0.0,
        "(4, 1, 8)": 0.0,
        "(4, 1, 9)": 0.0,
        "(4, 1, 10)": 0.0,
        "(4, 2, 1)": 0.0,
        "(4, 2, 2)": 0.0,
        "(4, 2, 3)": 0.0,
        "(4, 2, 4)": 0.0,
        "(4, 2, 5)": 0.0,
        "(4, 2, 6)": 0.0,
        "(4, 2, 7)": 0.0,
        "(4, 2, 8)": 0.0,
        "(4, 2, 9)": 0.0,
        "(4, 2, 10)": 0.0,
        "(4, 3, 1)": 0.0,
        "(4, 3, 2)": 0.0,
        "(4, 3, 3)": 0.0,
        "(4, 3, 4)": 0.0,
        "(4, 3, 5)": 0.0,
        "(4, 3, 6)": 0.0,
        "(4, 3, 7)": 0.0,
        "(4, 3, 8)": 0.0,
        "(4, 3, 9)": 0.0,
        "(4, 3, 10)": 0.0,
        "(4, 4, 1)": 75837.92502384764,
        "(4, 4, 2)": 101619.17730307876,
        "(4, 4, 3)": 132313.3454892322,
        "(4, 4, 4)": 164633.34548923228,
        "(4, 4, 5)": 199447.51367538676,
        "(4, 4, 6)": 242142.93414077268,
        "(4, 4, 7)": 293107.7284665416,
        "(4, 4, 8)": 352519.6068853888,
        "(4, 4, 9)": 421775.0273507733,
        "(4, 4, 10)": 505500.2421419287,
        "(5, 1, 1)": 0.0,
        "(5, 1, 2)": 0.0,
        "(5, 1, 3)": 0.0,
        "(5, 1, 4)": 0.0,
        "(5, 1, 5)": 0.0,
        "(5, 1, 6)": 0.0,
        "(5, 1, 7)": 0.0,
        "(5, 1, 8)": 0.0,
        "(5, 1, 9)": 0.0,
        "(5, 1, 10)": 0.0,
        "(5, 2, 1)": 0.0,
        "(5, 2, 2)": 0.0,
        "(5, 2, 3)": 0.0,
        "(5, 2, 4)": 0.0,
        "(5, 2, 5)": 0.0,
        "(5, 2, 6)": 0.0,
        "(5, 2, 7)": 0.0,
        "(5, 2, 8)": 0.0,
        "(5, 2, 9)": 0.0,
        "(5, 2, 10)": 0.0,
        "(5, 3, 1)": 0.0,
        "(5, 3, 2)": 0.0,
        "(5, 3, 3)": 0.0,
        "(5, 3, 4)": 0.0,
        "(5, 3, 5)": 0.0,
        "(5, 3, 6)": 0.0,
        "(5, 3, 7)": 0.0,
        "(5, 3, 8)": 0.0,
        "(5, 3, 9)": 0.0,
        "(5, 3, 10)": 0.0,
        "(5, 4, 1)": 73637.92502384765,
        "(5, 4, 2)": 98819.17730307876,
        "(5, 4, 3)": 129113.34548923257,
        "(5, 4, 4)": 161433.34548923228,
        "(5, 4, 5)": 195847.51367538708,
        "(5, 4, 6)": 237542.9341407725,
        "(5, 4, 7)": 287807.72846654174,
        "(5, 4, 8)": 346319.60688538867,
        "(5, 4, 9)": 414575.0273507736,
        "(5, 4, 10)": 496600.24214193056,
        "(6, 1, 1)": 0.0,
        "(6, 1, 2)": 0.0,
        "(6, 1, 3)": 0.0,
        "(6, 1, 4)": 0.0,
        "(6, 1, 5)": 0.0,
        "(6, 1, 6)": 0.0,
        "(6, 1, 7)": 0.0,
        "(6, 1, 8)": 0.0,
        "(6, 1, 9)": 0.0,
        "(6, 1, 10)": 0.0,
        "(6, 2, 1)": 0.0,
        "(6, 2, 2)": 0.0,
        "(6, 2, 3)": 0.0,
        "(6, 2, 4)": 0.0,
        "(6, 2, 5)": 0.0,
        "(6, 2, 6)": 0.0,
        "(6, 2, 7)": 0.0,
        "(6, 2, 8)": 0.0,
        "(6, 2, 9)": 0.0,
        "(6, 2, 10)": 0.0,
        "(6, 3, 1)": 0.0,