{
    "D_flex": 10.0,
    "α_GEN": {
        "NUC": 0.7,
        "CCGT": 0.7,
        "WIND": 0.7
    },
    "α_CONS": 0.7,
    "β_GEN": {
        "NUC": 0.4,
        "CCGT": 0.4,
        "WIND": 0.4
    },
    "β_CONS": 0.7,
    "CAPACITY": {
        "CCGT": 135.19236466949874,
        "NUC": 0.021537738101550824,
        "WIND": 176.16900672892095
    },
    "VOL_GEN": {
        "CCGT": -150.71918313123683,
        "NUC": -0.0200736427082105,
        "WIND": -8.196511243075918
    },
    "VOL_CON": 158.90349735955314,
    "CONS_SURPLUS": 8.162738807816309e9,
    "CONS_objective": 8.160832705010861e9,
    "GEN_objective": {
        "CCGT": 58.62724983357475,
        "NUC": -98.99377728335998,
        "WIND": 74.72522870986722
    },
    "GEN_CVAR": {
        "CCGT": 61234.24971657842,
        "NUC": 2220.5220080196923,
        "WIND": 6.797787082073926e6
    },
    "CONTRACT_PRICE": 63194.974354895094,
    "AVG_PAYOUT": 60553.937810801704,
    "RISK_PREMIA": 2641.0365440933892,
    "Unserved_energy": 5.533712503993457,
    "AVG_prod_price": 59.14497385670089,
    "AVG_risk_price": 59.77078630584374,
    "AVG_spot_price": 61.31434410789524,
    "AVG_cons_price": 61.94015655703809,
    "spot_price_std": 25.41679081707879,
    "CONS_price_std": 13.627280234717567,
    "AVG_Profit": {
        "CCGT": 39696.55095986832,
        "NUC": 611.2165710579378,
        "WIND": 2.4834497701422623e6
    },
    "EXP_PROD": 901138.4682385161,
    "UNIT_RISK_COST": 0.625812449142849,
    "PAYOUT": {
        "(1, 1, 1)": 0.0,
        "(1, 1, 2)": 0.0,
        "(1, 1, 3)": 0.0,
        "(1, 1, 4)": 0.0,
        "(1, 1, 5)": 0.0,
        "(1, 1, 6)": 0.0,
        "(1, 1, 7)": 0.0,
        "(1, 1, 8)": 0.0,
        "(1, 1, 9)": 0.0,
        "(1, 1, 10)": 0.0,
        "(1, 2, 1)": 0.0,
        "(1, 2, 2)": 0.0,
        "(1, 2, 3)": 0.0,
        "(1, 2, 4)": 0.0,
        "(1, 2, 5)": 0.0,
        "(1, 2, 6)": 0.0,
        "(1, 2, 7)": 0.0,
        "(1, 2, 8)": 0.0,
        "(1, 2, 9)": 0.0,
        "(1, 2, 10)": 0.0,
        "(1, 3, 1)": 0.0,
        "(1, 3, 2)": 0.0,
        "(1, 3, 3)": 0.0,
        "(1, 3, 4)": 0.0,
        "(1, 3, 5)": 0.0,
        "(1, 3, 6)": 0.0,
        "(1, 3, 7)": 0.0,
        "(1, 3, 8)": 0.0,
        "(1, 3, 9)": 0.0,
        "(1, 3, 10)": 0.0,
        "(1, 4, 1)": 82627.01012408243,
        "(1, 4, 2)": 110259.83106701385,
        "(1, 4, 3)": 142188.37836230046,
        "(1, 4, 4)": 174508.3783623001,
        "(1, 4, 5)": 210556.92565758905,
        "(1, 4, 6)": 256338.29389580863,
        "(1, 4, 7)": 309463.251662561,
        "(1, 4, 8)": 371652.48307695874,
        "(1, 4, 9)": 443993.85131517745,
        "(1, 4, 10)": 532965.1773201519,
        "(2, 1, 1)": 0.0,
        "(2, 1, 2)": 0.0,
        "(2, 1, 3)": 0.0,
        "(2, 1, 4)": 0.0,
        "(2, 1, 5)": 0.0,
        "(2, 1, 6)": 0.0,
        "(2, 1, 7)": 0.0,
        "(2, 1, 8)": 0.0,
        "(2, 1, 9)": 0.0,
        "(2, 1, 10)": 0.0,
        "(2, 2, 1)": 0.0,
        "(2, 2, 2)": 0.0,
        "(2, 2, 3)": 0.0,
        "(2, 2, 4)": 0.0,
        "(2, 2, 5)": 0.0,
        "(2, 2, 6)": 0.0,
        "(2, 2, 7)": 0.0,
        "(2, 2, 8)": 0.0,
        "(2, 2, 9)": 0.0,
        "(2, 2, 10)": 0.0,
        "(2, 3, 1)": 0.0,
        "(2, 3, 2)": 0.0,
        "(2, 3, 3)": 0.0,
        "(2, 3, 4)": 0.0,
        "(2, 3, 5)": 0.0,
        "(2, 3, 6)": 0.0,
        "(2, 3, 7)": 0.0,
        "(2, 3, 8)": 0.0,
        "(2, 3, 9)": 0.0,
        "(2, 3, 10)": 0.0,
        "(2, 4, 1)": 80427.01012408272,
        "(2, 4, 2)": 107459.83106701438,
        "(2, 4, 3)": 138988.37836230083,
        "(2, 4, 4)": 171308.3783623008,
        "(2, 4, 5)": 206956.92565758963,
        "(2, 4, 6)": 251738.29389580962,
        "(2, 4, 7)": 304163.2516625615,
        "(2, 4, 8)": 365452.4830769594,
        "(2, 4, 9)": 436793.85131517786,
        "(2, 4, 10)": 524065.17732015334,
        "(3, 1, 1)": 0.0,
        "(3, 1, 2)": 0.0,
        "(3, 1, 3)": 0.0,
        "(3, 1, 4)": 0.0,
        "(3, 1, 5)": 0.0,
        "(3, 1, 6)": 0.0,
        "(3, 1, 7)": 0.0,
        "(3, 1, 8)": 0.0,
        "(3, 1, 9)": 0.0,
        "(3, 1, 10)": 0.0,
        "(3, 2, 1)": 0.0,
        "(3, 2, 2)": 0.0,
        "(3, 2, 3)": 0.0,
        "(3, 2, 4)": 0.0,
        "(3, 2, 5)": 0.0,
        "(3, 2, 6)": 0.0,
        "(3, 2, 7)": 0.0,
        "(3, 2, 8)": 0.0,
        "(3, 2, 9)": 0.0,
        "(3, 2, 10)": 0.0,
        "(3, 3, 1)": 0.0,
        "(3, 3, 2)": 0.0,
        "(3, 3, 3)": 0.0,
        "(3, 3, 4)": 0.0,
        "(3, 3, 5)": 0.0,
        "(3, 3, 6)": 0.0,
        "(3, 3, 7)": 0.0,
        "(3, 3, 8)": 0.0,
        "(3, 3, 9)": 0.0,
        "(3, 3, 10)": 0.0,
        "(3, 4, 1)": 78227.01012408324,
        "(3, 4, 2)": 104659.83106701479,
        "(3, 4, 3)": 135788.37836230095,
        "(3, 4, 4)": 168108.37836230086,
        "(3, 4, 5)": 203356.9256575901,
        "(3, 4, 6)": 247138.2938958101,
        "(3, 4, 7)": 298863.25166256266,
        "(3, 4, 8)": 359252.48307696026,
        "(3, 4, 9)": 429593.85131517897,
        "(3, 4, 10)": 515165.1773201551,
        "(4, 1, 1)": 0.0,
        "(4, 1, 2)": 0.0,
        "(4, 1, 3)": 0.0,
        "(4, 1, 4)": 0.0,
        "(4, 1, 5)": 0.0,
        "(4, 1, 6)": 0.0,
        "(4, 1, 7)": 0.0,
        "(4, 1, 8)": 0.0,
        "(4, 1, 9)": 0.0,
        "(4, 1, 10)": 0.0,
        "(4, 2, 1)": 0.0,
        "(4, 2, 2)": 0.0,
        "(4, 2, 3)": 0.0,
        "(4, 2, 4)": 0.0,
        "(4, 2, 5)": 0.0,
        "(4, 2, 6)": 0.0,
        "(4, 2, 7)": 0.0,
        "(4, 2, 8)": 0.0,
        "(4, 2, 9)": 0.0,
        "(4, 2, 10)": 0.0,
        "(4, 3, 1)": 0.0,
        "(4, 3, 2)": 0.0,
        "(4, 3, 3)": 0.0,
        "(4, 3, 4)": 0.0,
        "(4, 3, 5)": 0.0,
        "(4, 3, 6)": 0.0,
        "(4, 3, 7)": 0.0,
        "(4, 3, 8)": 0.0,
        "(4, 3, 9)": 0.0,
        "(4, 3, 10)": 0.0,
        "(4, 4, 1)": 76027.01012408338,
        "(4, 4, 2)": 101859.83106701515,
        "(4, 4, 3)": 132588.37836230148,
        "(4, 4, 4)": 164908.37836230133,
        "(4, 4, 5)": 199756.92565759056,
        "(4, 4, 6)": 242538.29389581067,
        "(4, 4, 7)": 293563.25166256307,
        "(4, 4, 8)": 353052.48307696095,
        "(4, 4, 9)": 422393.85131517996,
        "(4, 4, 10)": 506265.17732015625,
        "(5, 1, 1)": 0.0,
        "(5, 1, 2)": 0.0,
        "(5, 1, 3)": 0.0,
        "(5, 1, 4)": 0.0,
        "(5, 1, 5)": 0.0,
        "(5, 1, 6)": 0.0,
        "(5, 1, 7)": 0.0,
        "(5, 1, 8)": 0.0,
        "(5, 1, 9)": 0.0,
        "(5, 1, 10)": 0.0,
        "(5, 2, 1)": 0.0,
        "(5, 2, 2)": 0.0,
        "(5, 2, 3)": 0.0,
        "(5, 2, 4)": 0.0,
        "(5, 2, 5)": 0.0,
        "(5, 2, 6)": 0.0,
        "(5, 2, 7)": 0.0,
        "(5, 2, 8)": 0.0,
        "(5, 2, 9)": 0.0,
        "(5, 2, 10)": 0.0,
        "(5, 3, 1)": 0.0,
        "(5, 3, 2)": 0.0,
        "(5, 3, 3)": 0.0,
        "(5, 3, 4)": 0.0,
        "(5, 3, 5)": 0.0,
        "(5, 3, 6)": 0.0,
        "(5, 3, 7)": 0.0,
        "(5, 3, 8)": 0.0,
        "(5, 3, 9)": 0.0,
        "(5, 3, 10)": 0.0,
        "(5, 4, 1)": 73827.0101240838,
        "(5, 4, 2)": 99059.83106701562,
        "(5, 4, 3)": 129388.37836230187,
        "(5, 4, 4)": 161708.37836230174,
        "(5, 4, 5)": 196156.92565759114,
        "(5, 4, 6)": 237938.29389581195,
        "(5, 4, 7)": 288263.2516625644,
        "(5, 4, 8)": 346852.4830769623,
        "(5, 4, 9)": 415193.85131518065,
        "(5, 4, 10)": 497365.1773201563,
        "(6, 1, 1)": 0.0,
        "(6, 1, 2)": 0.0,
        "(6, 1, 3)": 0.0,
        "(6, 1, 4)": 0.0,
        "(6, 1, 5)": 0.0,
        "(6, 1, 6)": 0.0,
        "(6, 1, 7)": 0.0,
        "(6, 1, 8)": 0.0,
        "(6, 1, 9)": 0.0,
        "(6, 1, 10)": 0.0,
        "(6, 2, 1)": 0.0,
        "(6, 2, 2)": 0.0,
        "(6, 2, 3)": 0.0,
        "(6, 2, 4)": 0.0,
        "(6, 2, 5)": 0.0,
        "(6, 2, 6)": 0.0,
        "(6, 2, 7)": 0.0,
        "(6, 2, 8)": 0.0,
        "(6, 2, 9)": 0.0,
        "(6, 2, 10)": 0.0,